1,Donny Van Dalen,2022-11-05T04:42:54Z,3,156
2,Theodosia Colliver,2022-01-17T06:50:38Z,7,95
3,Morley Pizer,2021-04-01T10:04:28Z,7,9
4,Germaine Kiezler,2022-02-09T11:50:43Z,8,75
5,Joline Spiller,2021-02-15T07:10:23Z,11,128
6,Garey Dulson,2022-01-09T14:39:53Z,8,98
7,Dorette Braunfeld,2021-10-09T20:32:18Z,9,59
8,Derry Brixey,2022-06-04T23:08:17Z,7,60
9,Hilario Grzeszczyk,2022-03-24T08:09:50Z,4,136
10,Lin Accum,2021-10-26T21:21:21Z,5,23
11,Ginelle Tackle,2022-01-23T03:36:29Z,7,58
12,Junia Guiet,2021-11-30T08:03:50Z,3,100
13,Sherrie Alker,2021-09-03T06:05:21Z,8,71
14,,2022-05-26T16:31:43Z,10,97
15,Ava Stanistreet,2022-06-02T15:17:56Z,4,94
16,Marie Kindleysides,2022-05-31T05:39:56Z,6,1
17,Josefa Duce,2021-08-07T00:17:56Z,9,76
18,Blinny Kingdom,2022-03-14T09:55:42Z,,30
19,Emalee Fahy,2021-04-07T06:13:57Z,1,2
20,Casandra Usborn,2022-06-05T17:06:10Z,12,86
21,Jermain Embery,2021-05-31T17:36:25Z,7,77
22,Jonah Kaygill,2022-02-03T13:56:26Z,8,58
23,Bren Hardington,2022-08-07T14:38:01Z,6,10
24,Ally O'Lagene,2022-02-06T21:37:08Z,2,176
25,Kermit Reisen,2022-11-11T22:29:23Z,3,116
26,Chiquia Saville,2021-03-06T00:02:28Z,10,153
27,Hedda Bricket,2022-08-28T13:26:32Z,5,57
28,Shaun Perle,2021-12-10T15:31:45Z,7,148
29,Dani O'Hollegan,2021-10-14T23:58:47Z,1,121
30,Irene Goede,2021-03-27T20:26:12Z,2,4
31,Aveline Measor,2021-01-04T04:47:04Z,8,1
32,Fancy Caze,2022-07-08T15:04:43Z,9,178
33,Gamaliel Felstead,2021-06-18T05:01:12Z,11,166
34,Thia Karsh,2022-07-01T10:23:10Z,7,141
35,Dorey Cleeves,,5,174
36,Rania Frapwell,2021-06-09T22:28:50Z,7,162
37,Jan Dobinson,2021-08-04T08:11:54Z,5,156
38,Cristobal Dargavel,2021-03-03T16:24:31Z,7,147
39,Elsie Sewter,2022-01-26T20:52:25Z,5,95
40,Daria Hargraves,2021-07-20T02:01:07Z,1,178
41,Elnore Plitz,2022-06-07T13:39:03Z,4,30
42,Parke Donavan,2021-07-17T08:07:23Z,2,158
43,Nollie Sorbey,2022-07-16T01:01:04Z,8,152
44,Malissia Pincked,2022-12-29T10:06:14Z,1,18
45,Kellen Haley,2022-01-21T12:30:20Z,,149
46,Malvina Notti,2022-03-10T06:59:39Z,10,145
47,Libby Baldelli,2022-07-22T07:23:39Z,1,8
48,Georgia Foresight,2022-12-25T08:38:33Z,8,45
49,Corny Gladtbach,2021-04-29T17:47:13Z,10,134
50,Cristi Milier,2022-07-16T22:55:52Z,3,111
51,Cecilio Cockling,2022-07-23T00:56:29Z,10,110
52,Joline Spellward,2022-05-25T01:54:41Z,8,134
53,Alf McEneny,2022-12-03T08:23:39Z,5,39
54,Dionisio Shawcross,2021-12-22T21:42:31Z,4,27
55,Rory Trelease,2021-08-03T21:19:20Z,5,12
56,Quill Hinchcliffe,2021-03-24T17:26:27Z,4,100
57,,2022-05-16T23:44:40Z,12,43
58,Ransom Lodeke,2022-09-09T05:36:08Z,10,122
59,Julia Annetts,2022-04-10T21:52:06Z,6,160
60,Katusha Jeffree,2021-08-24T09:55:30Z,12,157
61,Halley Chiene,2022-12-11T02:26:39Z,10,91
62,Anya Cumpsty,2022-10-26T00:01:48Z,9,61
63,Staffard Auston,2021-05-29T00:51:41Z,10,97
64,Lianne Alp,2021-03-26T12:06:33Z,10,49
65,Jedd Drake,2022-02-10T06:18:25Z,10,89
66,Stacee Bisiker,2022-06-03T02:42:17Z,3,17
67,Bernadina Pinnock,2022-11-03T09:47:10Z,11,46
68,Wildon Benasik,2022-04-08T16:14:36Z,8,60
69,Zacharie Delos,2021-05-08T16:18:41Z,3,20
70,Margaux Coote,2021-09-30T16:24:21Z,10,86
71,Matthaeus Woodcraft,2022-08-12T19:51:05Z,10,57
72,Ogdan Hadlington,2021-01-07T13:34:25Z,3,105
73,Ingamar Sewards,2022-07-28T15:38:54Z,9,20
74,Merrily Jenteau,2021-12-01T15:11:05Z,10,46
75,Skip Pariss,2022-04-10T12:26:31Z,4,18
76,Deloria Clayden,2021-02-05T19:19:40Z,9,10
77,Kayley Mewhirter,2022-03-09T04:08:05Z,10,58
78,Gunar Junkin,2022-05-30T13:31:55Z,11,47
79,Ad St Ange,2022-01-04T04:29:09Z,12,151
80,Melodee Huggard,2021-01-29T09:10:42Z,11,137
81,Dante Balharry,2021-06-21T21:38:14Z,12,5
82,Guglielmo Vaan,2021-05-09T22:54:44Z,7,155
83,Catie Girardoni,2021-07-16T07:48:48Z,9,105
84,Marnie Fantone,2021-07-23T22:54:19Z,1,65
85,Darci Castille,2022-07-26T16:40:07Z,8,36
86,Spike Sweetenham,2022-02-09T19:56:16Z,8,150
87,Hoebart Maypole,2022-08-16T18:45:50Z,9,79
88,Pam Scheffel,2022-04-25T06:29:23Z,3,73
89,Brittni Godly,2021-10-27T06:58:37Z,5,158
90,Napoleon Rabbitts,2021-11-28T09:54:39Z,10,132
91,Hamish Hankey,2022-04-07T14:44:14Z,9,135
92,Stacy Venny,2022-04-29T05:35:05Z,11,168
93,Maximilian Benbrick,2022-06-07T00:49:26Z,6,60
94,Dalis Lockart,2021-01-07T13:49:34Z,3,64
95,Windy Rockliffe,2021-08-07T07:08:53Z,5,143
96,Bobette Gwyneth,2022-08-01T00:56:41Z,1,114
97,Demetre Bourdon,2021-01-08T19:17:22Z,3,128
98,Lorine MacCrann,2021-12-22T06:31:43Z,12,174
99,Karla Slidders,2021-02-07T22:58:30Z,12,138
100,Colette Garr,2022-06-06T03:31:34Z,11,25
101,Hannie Zute,2021-08-26T01:03:09Z,4,141
102,Margeaux Adamkiewicz,2021-05-31T13:49:06Z,8,5
103,Zonnya Elphinstone,2022-12-04T23:06:59Z,12,84
104,Graham Krysztowczyk,2022-05-11T07:54:05Z,1,108
105,Denna Mulhall,2021-10-11T20:42:39Z,3,6
106,Archy Rosevear,2022-07-31T13:28:26Z,3,174
107,Idalina MacPeice,2022-03-24T02:57:05Z,9,104
108,Nadia Arnaudin,2021-08-21T12:28:39Z,12,105
109,Noak Magnay,2022-09-30T07:31:50Z,8,34
110,,2022-08-20T19:39:29Z,10,120
111,Sigrid Lincey,2021-12-28T19:50:08Z,11,20
112,Keslie Rowcliffe,2022-11-09T01:16:32Z,12,9
113,Kendrick Gatherell,2022-05-06T07:13:12Z,11,9
114,Mano Woodcroft,2021-05-13T04:55:12Z,2,69
115,Jemie Blinerman,2022-12-24T07:46:03Z,5,150
116,Casie Stowell,2021-02-27T09:38:13Z,9,135
117,Elizabeth Albasini,2022-01-29T22:19:20Z,7,59
118,Katuscha Drynan,2022-12-01T21:43:48Z,6,168
119,Zola Borthram,2022-04-28T10:00:11Z,1,67
120,Gray Johantges,2022-07-04T10:40:14Z,5,87
121,Claude Stallebrass,2022-07-12T07:06:27Z,1,68
122,Germaine Licciardi,2022-02-11T09:00:51Z,4,117
123,Tova des Remedios,2021-09-25T20:06:42Z,10,127
124,Adora Jzak,2022-02-04T05:43:58Z,8,116
125,Layne McOmish,,9,145
126,Royal Canada,2022-10-26T22:50:30Z,4,
127,Banky Erbe,2022-03-17T19:06:18Z,2,58
128,Lillis Buttle,2021-10-24T07:09:02Z,11,1
129,Krisha Braisher,2021-05-02T21:31:44Z,4,143
130,Irene Hewins,2022-04-02T18:27:39Z,1,21
131,Paddy Medlar,2022-12-04T12:31:53Z,3,109
132,Gayel Bracknall,2021-02-15T20:37:54Z,10,157
133,Standford Seward,2021-01-29T09:37:18Z,12,89
134,Gale Playdon,2022-12-27T03:16:32Z,3,52
135,Tallia Lindsley,2022-12-14T01:22:57Z,6,166
136,Gabriel Blindmann,2022-03-06T06:17:28Z,5,181
137,Jillane Shiers,2022-11-09T17:49:10Z,2,59
138,Lola Khosa,2022-11-12T19:09:15Z,5,149
139,Hunfredo McArthur,2021-06-07T15:44:11Z,,110
140,Fran Lyford,2021-03-21T05:47:53Z,4,62
141,Cordi Eastbrook,2021-08-05T22:49:54Z,12,28
142,Afton Crumley,2022-05-26T12:58:20Z,6,7
143,Meridith De Gregorio,2022-02-25T14:51:01Z,3,153
144,Leonhard Caush,2021-12-01T19:13:04Z,6,35
145,Janie Libreros,2021-04-16T21:01:53Z,,161
146,Ulysses Strase,2021-11-09T15:41:03Z,5,66
147,Shell Bodley,2021-04-21T21:00:01Z,4,21
148,Valida Yggo,2022-06-25T17:15:55Z,8,18
149,Madelin Peirpoint,2022-04-01T05:20:38Z,8,37
150,Aylmar Feldmus,2021-12-29T18:37:33Z,10,172
151,Wesley Pendleton,2022-01-25T19:37:45Z,3,112
152,Whit Berrey,2021-02-19T09:34:26Z,2,147
153,Ilysa Heakins,2022-12-22T15:52:42Z,6,43
154,Cherilyn Nolleau,2021-05-24T19:45:27Z,9,68
155,Terrye Ghidini,2022-09-21T12:00:08Z,10,25
156,Gwenette Kubasiewicz,2022-08-03T18:04:39Z,5,83
157,Munroe Freeman,2021-09-07T08:02:29Z,10,180
158,Paddy Fotitt,2022-01-23T04:00:27Z,12,178
159,Clemmie Scotland,2021-02-04T12:45:34Z,7,115
160,Arlina Marousek,2021-07-24T21:06:49Z,8,150
161,Raynell Wehden,2022-01-23T15:18:20Z,3,143
162,Lorette Larkcum,2021-12-10T03:02:23Z,10,161
163,Mannie Witling,2021-09-02T18:18:49Z,2,156
164,Belva Worthington,2022-11-22T15:37:07Z,1,68
165,Dion Trowsdale,2022-01-25T23:13:55Z,7,39
166,Karlotta Daveren,2022-10-21T21:34:24Z,7,154
167,Nicola McDoual,2021-01-25T00:04:56Z,3,169
168,Coral Alpes,2022-11-30T19:46:18Z,4,5
169,Deerdre Fealty,2021-03-22T05:57:39Z,5,112
170,Patrick Petkovic,2022-03-17T23:51:52Z,3,20
171,Taffy Granham,2022-07-24T02:09:03Z,7,42
172,Jacqueline Dymott,2021-09-03T18:45:39Z,10,139
173,Clary Sadlier,2021-02-01T10:27:33Z,4,141
174,Adriena Storry,2021-03-04T22:44:30Z,7,7
175,Jillayne Moehler,,5,143
176,Norri Baines,2021-01-27T05:19:28Z,8,43
177,Leontine Timoney,2021-07-03T03:13:02Z,3,107
178,Alyosha Oley,2022-10-07T02:03:49Z,3,107
179,Vernor Resdale,2021-12-03T00:11:58Z,2,77
180,Xena Losseljong,2022-04-26T13:56:10Z,3,83
181,Sean Behan,2021-09-22T08:19:02Z,11,87
182,Town Tow,2021-05-12T04:47:04Z,4,96
183,Gabriel Edmonson,2022-01-14T19:56:55Z,3,95
184,Eliot Reinhard,2022-02-09T22:34:37Z,7,2
185,Garrot Orcas,2021-08-12T10:26:54Z,6,37
186,Marv Siggins,2021-08-03T03:32:32Z,4,64
187,Kellby Farlamb,2021-11-25T19:39:00Z,4,90
188,Alecia Lippard,2022-09-09T05:04:03Z,12,112
189,Jenda Hattam,2021-07-14T20:41:34Z,4,173
190,Pepi Jimenez,2022-12-02T00:54:01Z,10,33
191,Noreen Rizzone,2022-02-02T10:33:35Z,7,12
192,Mallory Dominicacci,2022-03-07T14:51:15Z,5,128
193,Mart Mathey,2022-07-24T11:47:37Z,1,108
194,Kim Lovart,2022-12-24T03:57:52Z,4,148
195,,2022-02-08T11:14:43Z,1,94
196,Jodie Elflain,2022-03-27T03:47:13Z,9,158
197,Madeline Loren,2021-03-12T22:19:19Z,3,140
198,Tove Webster,2021-02-07T09:10:12Z,4,51
199,Farr Petzolt,2022-10-18T14:56:20Z,2,99
200,Shirlene Pooley,2022-04-22T23:20:56Z,10,64
201,Wilburt Corrin,2022-09-01T10:12:28Z,4,162
202,Vic Heymes,2021-08-21T10:53:00Z,6,63
203,Salim Stiller,2021-05-13T10:14:50Z,6,71
204,Larine Fetteplace,2022-08-29T08:59:45Z,4,154
205,Minne Cookson,2021-11-06T23:08:29Z,7,151
206,Renaldo Bucksey,2021-08-26T18:00:00Z,11,172
207,Sallyanne McLeese,2021-05-17T11:30:19Z,7,141
208,Caty Schleicher,2022-02-19T21:17:52Z,9,68
209,Valera Puddle,2021-08-31T00:51:43Z,7,31
210,Grata Lardnar,2021-04-11T16:19:10Z,4,157
211,Koralle McManamen,2021-02-15T07:09:57Z,10,169
212,Lexine Kennet,2022-10-09T19:29:23Z,5,138
213,Amy Fransseni,2021-02-27T20:15:29Z,3,173
214,Gussy McGarry,2022-05-18T13:28:32Z,9,41
215,Reuben Joubert,2022-10-31T07:21:18Z,,26
216,Isabelita Dowrey,2021-12-28T19:35:13Z,1,126
217,,2021-08-16T20:41:42Z,2,52
218,Tessy Lathee,2021-12-25T03:36:16Z,10,119
219,Ruprecht MacCaughey,2021-10-12T04:59:52Z,6,175
220,Ximenes Puleque,2022-06-18T04:05:55Z,5,125
221,Tiphany Booy,2022-03-27T18:49:09Z,10,122
222,Margareta Caveill,2022-02-01T22:12:33Z,5,67
223,Fran O'Rodane,2022-02-02T20:03:41Z,7,
224,Odelia Vasquez,2021-10-12T03:20:08Z,2,28
225,Katlin Caswall,2021-06-30T09:31:02Z,,28
226,Stearn Heal,2021-10-01T09:12:09Z,1,110
227,Avis Vautrey,2022-08-18T19:36:44Z,2,81
228,Kylila Klaffs,2021-05-03T01:52:24Z,9,102
229,Hermie Ritzman,2021-10-07T01:13:39Z,9,173
230,Vassily Rutter,2021-09-01T08:30:07Z,9,174
231,Ricard Kynder,2021-02-28T01:59:12Z,6,139
232,Tammi Gritton,2021-07-16T17:00:29Z,3,109
233,Gregory Muttock,2022-02-16T12:58:02Z,12,17
234,Lyell Tunder,2021-09-21T18:43:13Z,7,160
235,Solomon Hirth,2021-01-22T06:59:15Z,5,12
236,Charlie Privett,2021-12-10T02:33:07Z,2,151
237,Ferrel Gherardini,2021-05-06T03:17:04Z,9,170
238,Linc De Wolfe,2021-04-03T16:58:15Z,4,139
239,Augustina Fowlestone,2021-04-30T01:53:35Z,7,168
240,Carrissa Warr,2022-03-23T14:26:16Z,10,45
241,Lovell Dummigan,2022-03-01T19:23:28Z,6,33
242,Kelcie Harnetty,2021-07-07T06:32:57Z,1,132
243,Luciano Srawley,2022-08-08T23:34:24Z,6,21
244,Winifield Adame,2022-05-19T07:10:45Z,3,48
245,Sean Philcock,2021-02-02T05:54:14Z,9,156
246,Valentin Zima,2021-12-28T12:55:53Z,2,33
247,Todd Jeckell,2022-05-26T22:50:15Z,10,152
248,Jerrold Doreward,2022-11-17T18:10:20Z,9,155
249,Sarina Flode,2022-01-02T21:31:11Z,3,128
250,Gisella Libbis,2021-10-04T08:41:10Z,7,126
251,Carrissa Heliar,2021-01-08T07:12:44Z,4,93
252,Tuckie Burgne,2021-12-15T03:54:47Z,3,140
253,Annalee Boost,2021-02-21T05:34:11Z,7,15
254,Latrena Matzaitis,2022-12-30T03:03:04Z,1,158
255,Jaynell Moorerud,2022-04-09T06:51:27Z,8,7
256,Durant Shillan,2022-07-26T00:31:08Z,8,35
257,Stephen Dollar,2021-12-28T07:01:37Z,1,119
258,Zorah Mitroshinov,2021-03-30T16:14:36Z,9,79
259,Robbi Clackers,2021-01-26T00:38:04Z,9,105
260,Dela Spellward,2021-09-24T18:08:14Z,10,137
261,Waly Backhouse,2021-02-05T10:53:43Z,2,43
262,Winnah Mosen,2021-03-29T10:50:24Z,2,34
263,Kesley Pulman,2022-05-04T23:36:39Z,4,72
264,Jourdan Scrivin,2022-08-13T19:26:32Z,12,100
265,Leoline Lilloe,2022-12-03T10:58:47Z,1,72
266,Allister Sinnatt,2022-07-09T10:03:28Z,2,181
267,Aileen Almon,,7,20
268,Annissa Tock,2022-02-28T17:08:17Z,5,82
269,,2021-08-03T07:05:23Z,4,119
270,Lewes Sumption,2022-01-21T13:15:38Z,7,41
271,,2022-06-07T19:48:14Z,3,44
272,Tris Titlow,2021-02-13T07:02:34Z,8,32
273,Neddy Hullyer,2021-09-27T20:50:09Z,8,116
274,,2022-09-05T17:01:45Z,,66
275,Westbrooke Schohier,2022-02-09T03:52:38Z,12,78
276,Corina Bascombe,,4,43
277,Lyon Isaac,2022-12-19T00:26:12Z,4,165
278,Bobette Judkin,2022-04-27T10:08:21Z,10,51
279,Iggie Godridge,2022-03-12T14:56:55Z,6,21
280,Barrie Meekins,2022-01-11T13:41:54Z,9,131
281,Cary Stroban,2021-06-10T10:48:37Z,12,
282,Jervis Ambroise,2021-06-14T08:04:06Z,4,34
283,Prudence Wiggam,2022-10-23T16:55:42Z,10,37
284,Darice Proger,2021-11-03T13:34:26Z,1,73
285,Patrizio Tinmouth,2022-08-31T17:38:08Z,3,30
286,Estell Spriddle,2021-12-27T09:51:22Z,10,11
287,Rog Fitzmaurice,2022-07-24T00:54:16Z,5,139
288,Tymon Lewsley,2021-12-08T07:01:02Z,10,37
289,Tad Nisbet,2021-06-12T12:37:40Z,12,26
290,Adrianne Stiling,2021-08-07T18:02:11Z,5,48
291,Sean Garvan,2021-12-01T07:31:01Z,4,159
292,Rachel Hargey,2021-01-15T04:56:56Z,9,127
293,Haily Gecke,2022-01-25T05:50:00Z,10,139
294,Jolyn Seeviour,2021-06-08T14:47:41Z,9,121
295,Karmen Fenn,2021-03-30T18:42:15Z,5,150
296,Christophorus Scrinage,2022-04-17T15:26:44Z,11,10
297,Rodolphe Muncie,2021-11-08T02:45:46Z,11,38
298,Augustin Costelow,2021-01-06T05:46:49Z,3,106
299,Yul Martinuzzi,2022-03-14T11:45:15Z,10,20
300,Grazia Lille,2021-07-01T10:24:13Z,8,21
301,Flori Dainter,2022-09-02T03:47:49Z,11,71
302,Kissie Olczak,2021-05-20T13:00:12Z,9,79
303,Amanda Teaz,2021-09-17T10:31:42Z,8,126
304,Marjorie Askey,2022-07-21T05:25:43Z,8,164
305,Rhianna Kleinfeld,2021-09-19T14:54:41Z,1,68
306,Kliment Conningham,2022-07-05T21:37:47Z,9,173
307,Rachele Vivers,2021-05-30T11:01:27Z,2,173
308,Sawyer Pedron,2022-07-24T00:40:22Z,6,155
309,Tyson Patron,2021-12-25T04:33:55Z,6,110
310,Collen Parmley,2022-05-03T15:02:51Z,,
311,Arnold Queree,2021-08-29T18:59:33Z,9,102
312,Kippie Osinin,2022-04-13T05:42:04Z,7,162
313,Gilbert Matkin,2021-04-23T16:48:38Z,2,17
314,Lizzie Mohammad,2022-10-28T02:30:56Z,8,18
315,Malva Dilworth,2021-10-14T03:51:11Z,11,37
316,Moss Boldero,2021-07-18T19:10:43Z,5,96
317,Isak Snelling,2021-07-22T15:03:15Z,7,160
318,Evelina Gianettini,2022-07-01T18:11:18Z,8,100
319,Bobinette Tsar,2021-05-21T11:53:15Z,7,54
320,Casar Silcock,2022-04-27T05:14:16Z,1,113
321,Nicolas Ollerearnshaw,2021-09-11T13:29:20Z,12,30
322,Levon Fold,2022-06-18T23:57:15Z,8,3
323,Lavina Sonschein,2022-10-10T23:25:13Z,8,88
324,Pearce Pentecost,2022-11-27T22:53:44Z,,83
325,Frankie Kilfoyle,2022-11-17T05:57:18Z,10,132
326,Brenda Mangeon,2021-04-07T00:39:14Z,1,142
327,Ilyssa Usborn,2021-08-23T13:20:47Z,12,127
328,Gilburt Weildish,2021-11-25T07:29:02Z,2,56
329,Isabella Bradbrook,2021-08-17T02:29:45Z,7,68
330,Curt Domb,2022-03-16T01:32:01Z,7,90
331,Eirena Saffle,2022-10-28T04:10:43Z,11,71
332,Ruth Kuzemka,2021-04-02T11:35:50Z,8,7
333,Bendix Bessell,2022-11-02T10:17:41Z,10,9
334,Annora Bakewell,2021-12-10T19:29:47Z,7,132
335,Karilynn Grand,2021-09-08T06:39:59Z,2,81
336,Neila Hulmes,2022-11-03T02:47:23Z,6,168
337,Somerset Ilyin,2022-04-02T07:26:36Z,11,121
338,Chilton Mattiato,2022-08-26T03:58:49Z,5,2
339,Romy Boothman,2022-08-10T12:30:47Z,6,120
340,Karlotta Stork,2022-05-16T06:45:48Z,11,78
341,Jamison Crompton,2021-02-05T12:07:09Z,6,177
342,Brewster Anten,2022-09-13T18:12:28Z,11,98
343,Seka Domonkos,2022-04-26T02:22:36Z,9,106
344,Napoleon Alishoner,2022-12-05T08:54:23Z,6,22
345,Maryjo Raymond,2021-07-10T22:21:02Z,2,56
346,Dorotea Lernihan,2021-01-06T23:21:58Z,,141
347,Sunny Durbin,2021-05-21T23:32:39Z,4,127
348,Raymond Ibell,2022-10-18T15:30:23Z,9,64
349,Mordy Jaulmes,2021-10-22T22:22:38Z,3,85
350,Brion Abramchik,2021-06-12T23:19:19Z,9,92
351,Boony Felgate,2021-11-07T03:23:24Z,11,56
352,Larissa Norwich,2021-04-09T06:45:45Z,9,72
353,Glenna Slavin,2022-12-12T23:28:00Z,1,132
354,Rodd Ordelt,2021-07-01T10:02:49Z,6,89
355,Aeriell Bubbear,2022-02-13T18:59:37Z,8,34
356,Brittaney Derham,2021-09-25T10:50:57Z,2,64
357,Xerxes Ambroisin,2021-04-11T14:35:55Z,7,45
358,Kelvin Limb,2021-01-31T19:47:04Z,11,81
359,Dyna Rehn,2022-02-08T20:30:27Z,6,68
360,Micky Andriulis,2021-01-18T10:10:18Z,7,29
361,Alecia Crewe,2022-06-03T06:46:38Z,1,117
362,Erin Kuhle,2021-11-27T13:20:32Z,2,147
363,Corabel Todarello,2021-03-20T10:50:43Z,5,38
364,Raven Ox,2022-01-20T18:10:47Z,12,101
365,Rorke Bragge,2021-12-26T14:32:17Z,6,99
366,Camila Yeardley,2022-06-25T08:14:51Z,6,47
367,Misty Snoad,2021-10-09T22:22:04Z,10,2
368,De witt Gozzett,2021-01-10T11:40:10Z,6,37
369,Ellissa Risby,2022-03-20T18:38:42Z,5,104
370,Monique Audus,2022-12-30T11:32:45Z,11,154
371,Desirae Abela,2022-05-31T15:57:46Z,3,69
372,Brucie Barnfield,2021-09-16T01:17:29Z,10,125
373,Dasya Rickerby,2022-12-08T09:50:58Z,5,55
374,Hettie Elacoate,2021-07-02T01:44:37Z,9,89
375,Layne Olesen,2022-08-04T04:56:09Z,4,154
376,Phyllis Mapowder,2022-09-11T12:01:14Z,10,112
377,Lilas Merton,2022-08-05T14:59:14Z,12,6
378,Charley Kenafaque,2021-11-16T13:12:02Z,10,3
379,Tonye Griswaite,2022-11-01T02:24:29Z,1,104
380,,2021-02-15T14:19:35Z,5,75
381,Edythe Preene,2022-01-23T03:28:56Z,6,64
382,Wynnie Duffit,2022-10-10T21:57:14Z,3,112
383,Crystal Hupka,2021-08-12T21:18:00Z,11,14
384,Nataniel Rodda,2021-11-30T18:56:22Z,7,66
385,Marybeth Tolussi,2022-10-04T16:34:29Z,5,112
386,Amelia De Giorgi,2022-08-31T01:57:34Z,4,123
387,Hollie Sciusscietto,2022-02-12T14:36:30Z,6,
388,Wally Jelliman,2022-11-27T23:42:44Z,5,7
389,Hewe Rodie,2022-05-21T02:16:31Z,11,138
390,Myriam Chatburn,2021-01-29T16:36:25Z,9,152
391,Dasya Hazard,2021-10-15T21:22:04Z,8,137
392,Alissa de Najera,2022-01-07T13:40:43Z,4,181
393,Brade Scarsbrooke,2022-02-11T21:43:48Z,10,15
394,Maia Silverwood,2022-03-18T10:26:03Z,1,66
395,Susanne Penkman,2022-10-11T20:12:06Z,1,6
396,Lutero Rehm,2022-08-26T19:27:37Z,10,142
397,Bary Essberger,2021-01-05T21:24:46Z,5,49
398,Chen Tooher,2022-10-28T10:10:56Z,9,172
399,Elliott Greenly,2021-09-29T09:27:25Z,11,174
400,Leonerd Brownell,2022-02-09T07:58:25Z,5,48
401,Missy Oakes,2022-10-31T06:43:45Z,7,149
402,Iver Kivell,2022-03-08T00:05:07Z,12,180
403,Rodi Binion,2022-06-07T04:44:39Z,6,22
404,Harriot Aharoni,2021-07-06T19:08:22Z,9,69
405,Liane Knight,2022-02-14T03:07:16Z,8,143
406,Berne Baulcombe,2021-10-08T13:29:23Z,1,113
407,Marney Ibbs,2022-09-19T06:15:04Z,12,49
408,Avril Yosifov,2022-05-20T09:04:07Z,12,61
409,Sella MacGille,2021-05-20T21:49:53Z,7,171
410,Lucretia Arnoult,2021-02-23T04:39:17Z,9,24
411,Morgan Yurygyn,2021-05-05T06:21:35Z,6,76
412,Flss Forrestall,2022-10-06T16:36:20Z,2,85
413,Gusti Hudd,2021-05-30T03:44:15Z,12,28
414,Evita Yeiles,2022-04-07T19:40:21Z,10,108
415,,2021-07-27T02:32:21Z,6,180
416,Alejoa Street,2022-09-23T13:39:05Z,12,102
417,Tandy Clements,2021-07-04T19:44:20Z,1,152
418,Olenolin Casserly,2021-07-20T22:25:23Z,3,84
419,Georgy Maryan,2021-12-18T18:25:10Z,5,106
420,Yehudi Forrestill,2021-12-05T03:49:32Z,6,146
421,Orland Todhunter,2021-10-01T03:54:07Z,11,54
422,Conrado Braybrooks,2022-02-10T03:28:27Z,5,132
423,Olympe Coldridge,2021-11-28T05:00:25Z,8,27
424,Alisha Christoffe,2022-06-28T17:30:07Z,7,124
425,Fifi Andrzejczak,2022-09-28T16:11:21Z,2,62
426,Zorina Dulling,,7,42
427,Orrin O'Carney,2021-04-12T10:07:59Z,9,112
428,Stephi Woodyeare,2022-11-07T19:14:05Z,4,117
429,Ninnette Gready,2021-07-12T08:50:29Z,1,43
430,Godard Bernhardsson,2022-10-15T13:10:23Z,9,25
431,Farleigh Wasling,2021-01-15T09:57:01Z,12,40
432,Meaghan Bluck,2022-01-30T13:06:31Z,7,91
433,Flossy Drewery,2021-11-05T11:57:55Z,2,146
434,Jereme Schoenfisch,2022-09-28T10:48:57Z,6,113
435,Breena Pohlak,2022-09-29T19:50:21Z,7,
436,Christy Grief,2022-04-13T14:15:25Z,1,151
437,Whitney Leal,2022-04-08T01:19:35Z,5,59
438,,2022-09-07T17:56:04Z,2,102
439,Lottie McNeachtain,2021-05-15T11:33:18Z,1,175
440,Diana Beaver,2022-10-20T03:13:58Z,12,56
441,Eliot Feaveer,2022-08-16T18:07:06Z,3,13
442,Angelina Playhill,2021-07-02T01:35:38Z,6,8
443,Nettie Pumfrett,2022-12-15T15:31:06Z,12,51
444,Godfry Bambrick,2022-07-30T07:45:27Z,2,111
445,Moria Anglish,2022-03-02T11:07:03Z,6,30
446,Emile Atwell,2022-05-29T08:16:36Z,8,71
447,Logan Cavalier,2021-06-25T22:26:42Z,10,168
448,Harri Gronno,2022-04-18T12:13:26Z,8,
449,Shane Defty,2022-11-18T07:43:29Z,6,147
450,Emmye Shardlow,2021-01-11T05:53:48Z,11,92
451,Vitia Peacop,2022-01-17T09:32:08Z,8,182
452,Osbourn Delmage,2022-02-25T04:21:48Z,4,125
453,Alard Housam,2022-03-14T07:35:10Z,10,81
454,Tara Gatcliff,2022-04-30T20:25:34Z,3,29
455,,2021-04-21T03:14:03Z,6,147
456,Karena Letty,2022-12-12T14:40:47Z,1,74
457,Ennis Crumby,2021-07-15T04:32:38Z,4,45
458,Cyril Bareford,2021-11-06T23:54:47Z,8,83
459,Gerry M'Chirrie,2021-03-03T13:44:21Z,11,115
460,Patty Burgwyn,,6,131
461,Demeter Clutton,2021-07-02T16:01:33Z,10,78
462,Martin Antonio,2022-08-13T09:47:41Z,9,12
463,Doti Cosham,2021-08-04T23:55:37Z,12,14
464,Gracia Sweating,2021-09-29T19:32:04Z,4,40
465,Clara Germaine,2021-10-23T08:03:56Z,9,131
466,Garik Ellesworthe,2021-04-16T08:43:11Z,3,145
467,Concordia Huonic,2021-04-27T17:58:23Z,10,62
468,,2021-02-25T10:35:32Z,8,158
469,Martino Gwinnell,2021-01-01T02:28:46Z,,179
470,Katee Fairrie,2021-08-13T08:38:24Z,8,130
471,Pinchas Gillivrie,2022-06-11T11:17:03Z,6,78
472,Benedikta Stendall,2021-02-23T09:59:33Z,10,101
473,Hamel Branscombe,2021-03-05T19:23:46Z,4,58
474,Arney Lassey,2021-02-14T05:22:56Z,10,20
475,Alvera Crabbe,2022-10-25T18:27:05Z,1,101
476,Stefan Dobbs,2021-12-31T03:20:08Z,8,11
477,Shaughn Thewlis,2022-01-02T09:20:20Z,10,165
478,Lusa Ambrosch,2022-06-04T10:48:00Z,8,40
479,Naomi Watterson,2021-01-14T17:03:48Z,11,20
480,Barbee McClurg,2021-11-10T06:08:23Z,6,137
481,Filide Pilipets,2022-04-06T03:14:14Z,8,49
482,Conroy Joscelyn,2021-10-14T01:02:24Z,7,88
483,Mabel Breward,2021-01-30T17:23:33Z,12,13
484,Emory McQuaide,2021-07-05T19:06:18Z,12,
485,Quintus Wattins,2021-12-09T01:58:08Z,8,182
486,Trever Dzeniskevich,2021-08-28T23:04:54Z,4,102
487,Ingram Vasilchenko,2021-09-07T23:09:14Z,9,73
488,Barbette Murdoch,2021-01-07T12:31:36Z,8,3
489,Bobbette Farryan,2022-04-15T05:12:02Z,1,17
490,Raeann Palfrie,2022-12-02T02:28:41Z,12,140
491,Thorndike Worcs,2021-07-30T09:41:05Z,1,61
492,Licha Rogans,2021-07-01T22:54:35Z,5,
493,Henrik Zisneros,2022-12-29T03:28:53Z,12,64
494,Stephannie Roser,2022-07-29T18:53:10Z,1,135
495,Anallise Dumberrill,2021-12-10T00:20:17Z,12,13
496,Marleen Dorning,2021-04-19T18:02:33Z,11,110
497,Rockwell Meedendorpe,2021-04-12T10:06:12Z,1,14
498,Glen Siegertsz,2021-01-23T09:06:27Z,3,178
499,Nikki Tidgewell,2022-01-27T12:31:11Z,12,56
500,Demott Martyntsev,2021-08-08T21:08:25Z,3,133
501,Renado Dyke,2021-01-15T23:29:08Z,9,24
502,Guillema Sails,2022-04-17T18:52:29Z,5,102
503,Fowler Yuranovev,2021-02-07T20:56:01Z,6,134
504,Salvidor Lanaway,2022-05-20T06:43:02Z,12,182
505,Melisent Brickdale,2021-09-27T07:54:11Z,5,144
506,Benedetto Burnitt,2021-07-31T16:18:57Z,5,72
507,Ally Blanchard,2021-05-20T15:56:20Z,12,137
508,Hanny Yurenev,2022-02-20T01:43:54Z,2,
509,Roldan Jiggens,2021-08-03T17:02:23Z,1,97
510,Sofia Veschambre,2021-11-03T13:14:41Z,10,1
511,Thornton Harrema,2022-05-19T00:14:46Z,6,176
512,Davin Belitz,2021-01-23T15:43:56Z,6,62
513,Zahara Shreenan,2022-10-15T06:26:59Z,10,55
514,Maia Henriksson,2022-03-26T12:04:09Z,6,27
515,Chad Fahy,2022-10-13T12:02:59Z,11,25
516,Portie Brand-Hardy,2022-02-15T00:58:57Z,6,81
517,,2021-09-11T11:45:08Z,5,174
518,Remy Kearley,2022-03-13T14:09:11Z,6,156
519,Carmelia Loffill,2022-04-13T16:14:57Z,9,101
520,Tara Kiss,2021-10-29T16:17:25Z,12,28
521,Shelly De Benedictis,2022-10-01T15:50:05Z,2,2
522,Johannes Laborde,2022-02-02T12:09:25Z,4,36
523,Griz Sissot,2021-05-08T00:20:20Z,8,105
524,Sibbie Blunn,2021-01-22T03:55:17Z,4,137
525,Alvina Ranscomb,2021-11-13T12:59:43Z,5,111
526,Brnaby Marsie,2022-01-27T20:39:25Z,9,98
527,Garvin McCord,2021-04-19T19:29:29Z,8,102
528,Arden Oxbe,2021-02-11T12:13:17Z,5,63
529,Vernen Bowld,2022-10-10T06:04:09Z,12,132
530,Ilise Lardier,2022-12-24T06:40:03Z,1,111
531,Cordy Darrington,2021-10-19T11:45:26Z,5,114
532,Allie Dancer,2022-07-18T11:24:45Z,10,135
533,Roanne Gripton,,8,71
534,Kingston Sharphurst,2022-03-15T22:55:12Z,9,69
535,Kory Pethick,2022-02-04T21:51:52Z,4,120
536,Cordie Coppard,2021-07-08T00:59:14Z,9,18
537,,2021-09-24T20:45:28Z,6,72
538,Prentiss Butt Gow,2022-01-17T15:38:37Z,9,23
539,Sofia Boyce,2022-08-12T13:41:37Z,7,151
540,Anet Bank,2021-12-26T00:16:08Z,3,134
541,Aguste Delea,2021-02-02T11:58:45Z,3,19
542,Filia Duggen,2022-10-27T12:07:30Z,5,65
543,Zonnya Townshend,2022-10-26T12:41:23Z,11,149
544,Pernell Godfray,2022-10-30T23:18:18Z,5,53
545,Patti Mavin,2022-10-15T21:36:02Z,2,
546,Casie Mc Harg,2022-06-22T21:45:10Z,12,113
547,Brittany Minchenton,2022-11-05T23:49:28Z,7,23
548,Olivette Bleier,2022-12-16T13:45:35Z,3,176
549,Doloritas Bradnum,2022-03-14T08:08:40Z,5,146
550,Maddy Haynesford,2022-10-26T01:14:05Z,10,17
551,Ailee cornhill,2021-06-06T21:10:42Z,3,57
552,Antoinette Cappineer,2021-01-03T03:09:26Z,9,177
553,Kerianne Bater,2021-01-01T03:11:21Z,11,170
554,Josefina Acton,2022-02-15T08:15:43Z,7,123
555,Conny Minchin,2021-05-27T04:10:33Z,12,79
556,Sib Apted,2021-09-12T06:55:34Z,11,43
557,Heather Abba,2022-10-03T11:41:37Z,9,71
558,Gui Thomazet,2021-01-22T01:23:34Z,8,53
559,Claudina Bampton,2021-05-11T13:20:12Z,3,90
560,Myles Bigadike,2021-12-13T20:19:11Z,4,105
561,Susannah Corington,2022-10-01T08:08:19Z,11,39
562,Adrianna Josum,2021-01-29T20:18:21Z,5,109
563,Freddi MacKeever,2021-04-27T07:25:38Z,5,74
564,Leroi Quilleash,2021-02-15T23:27:49Z,5,101
565,Elizabet Gerin,2022-06-18T07:20:31Z,8,150
566,Koren Schimoni,2021-11-02T17:09:01Z,8,32
567,Miquela Pietrzyk,2021-12-22T00:26:32Z,11,9
568,Giovanni Keal,2022-08-22T08:26:42Z,6,96
569,Chick Hoy,2021-08-15T04:01:16Z,3,29
570,Arvy Felix,2022-12-24T00:06:46Z,11,13
571,Annelise Bessent,2022-03-26T00:39:10Z,9,7
572,Sheilakathryn Mulmuray,2022-10-10T03:12:41Z,11,103
573,Eveleen Rizon,2022-07-23T18:10:24Z,5,9
574,Bari Cockhill,2021-08-16T08:36:45Z,11,11
575,Randolf de Copeman,2022-01-11T08:07:27Z,6,166
576,Brinna Allender,2021-03-17T01:15:56Z,8,158
577,Oona Hayer,2022-01-13T05:55:55Z,6,178
578,Katerina Backman,2021-01-12T21:55:25Z,7,28
579,Burke Boynton,2021-04-27T01:41:57Z,6,179
580,Bert Tremellan,2021-04-04T14:07:33Z,6,8
581,Elyse Skurm,2022-06-10T20:37:56Z,5,27
582,Felice Rogans,2022-01-20T07:58:05Z,10,71
583,Odilia Blenkinship,2022-09-21T12:45:55Z,8,145
584,Hattie Peach,2021-09-14T12:40:52Z,3,112
585,Deena Leirmonth,2021-03-28T03:46:41Z,8,90
586,Shanda Fallawe,2022-12-16T21:49:43Z,9,99
587,Datha Bigadike,2022-04-19T11:56:16Z,1,93
588,Silvain Preddy,2021-08-07T16:46:06Z,7,48
589,Bailey Aggott,2021-03-07T20:52:50Z,9,136
590,Kearney Perkis,2021-06-06T12:19:58Z,4,8
591,Lindy Bischoff,2021-02-05T12:48:46Z,10,170
592,Ollie Grinston,2022-09-15T11:10:58Z,6,73
593,Lilian Rawls,2021-12-31T12:32:07Z,11,127
594,Clareta Phipp,2022-02-05T08:33:15Z,11,45
595,Thorny Balchin,2022-09-09T11:59:03Z,11,138
596,Brittaney Kershaw,2021-10-20T03:04:22Z,7,6
597,Modestia Hatliffe,2021-12-05T18:11:10Z,10,166
598,Lily Pairpoint,2021-07-19T04:23:05Z,7,116
599,Merrie Killich,2022-03-16T22:09:08Z,12,162
600,Norman Hawlgarth,2022-06-24T07:03:39Z,7,25
601,Farand Weippert,2021-12-23T13:46:12Z,1,77
602,Cletus Spataro,2022-02-16T22:10:28Z,11,59
603,Schuyler Foort,2022-09-11T05:17:21Z,4,
604,Suellen Dunckley,2021-11-27T10:20:33Z,1,162
605,Allina Marians,2022-11-29T04:09:18Z,9,165
606,Carolee St. Aubyn,2022-10-20T19:34:09Z,7,56
607,Brooke Wilsey,2022-06-13T16:17:16Z,5,123
608,Jerald Dwelly,2021-03-06T02:41:24Z,9,156
609,Remy O'Donohue,2021-01-06T03:09:11Z,7,157
610,Thain Gerard,2021-05-23T17:59:43Z,5,103
611,Nat Hanstock,2022-07-20T02:32:59Z,3,57
612,Morna Hennemann,2021-12-22T20:31:58Z,8,60
613,Meredith Jelfs,2022-12-14T08:11:39Z,9,21
614,Benita Learmount,2021-08-17T21:06:10Z,12,66
615,Darryl Phillip,2022-02-11T06:47:32Z,12,21
616,Katalin Earlam,2022-07-28T00:36:20Z,9,141
617,Fenelia Sheehy,2022-06-05T04:15:50Z,3,129
618,Ginelle Manueli,2021-04-26T06:50:30Z,7,100
619,Maible Godart,2022-08-20T15:59:43Z,1,53
620,Brigham Dunderdale,2022-04-14T06:32:34Z,5,183
621,Kara-lynn Rundall,2021-12-29T12:31:40Z,7,23
622,Frieda Swarbrigg,2021-05-12T06:52:58Z,7,117
623,Gerhardt Adelsberg,2022-08-03T14:00:23Z,2,16
624,Kenyon Breissan,2022-08-07T02:54:45Z,10,149
625,Lyndsay Boase,2021-04-19T02:33:29Z,8,23
626,Aliza Mosdill,2022-11-07T07:32:33Z,6,169
627,Jay Lerohan,2021-09-03T16:05:51Z,8,136
628,Alanna Hanse,2022-11-18T11:21:25Z,4,114
629,Cortney Fossitt,2021-11-06T09:35:52Z,3,100
630,Mary Inchbald,2021-05-20T06:21:33Z,6,23
631,Mame Guiel,2021-07-14T00:38:48Z,12,154
632,Matthew Riccardelli,2022-05-21T01:19:35Z,9,162
633,Nickolai Tire,2021-02-18T00:00:29Z,11,182
634,Maryellen Carsey,2022-08-27T12:22:31Z,8,100
635,Nicki Iggo,2022-10-20T01:05:42Z,1,144
636,Dino Heistermann,2021-05-06T13:20:00Z,10,130
637,Adolphus McVeagh,2021-02-07T13:55:52Z,5,158
638,Diane-marie Lambirth,2021-08-24T08:50:15Z,1,77
639,Merrick Kebell,2022-08-29T18:13:13Z,9,9
640,Maurine Santoro,2022-01-07T04:33:34Z,6,18
641,Ewen Wingate,2021-07-08T02:40:01Z,2,136
642,Pooh Tuffley,2021-06-08T11:41:26Z,7,38
643,Finley Huncote,2022-12-10T05:35:18Z,4,48
644,Bondie Ragsdale,2021-10-03T16:55:43Z,6,58
645,Darla Christon,2022-03-31T18:41:08Z,3,138
646,Riordan Mullaney,2022-03-19T19:17:15Z,2,160
647,Collen Gaffon,2021-12-04T16:18:31Z,10,28
648,Quent Cominoli,2021-11-15T18:45:56Z,2,103
649,Dyan Pakenham,2022-01-10T08:03:19Z,3,115
650,Jeanna Kemwal,2021-07-24T10:30:46Z,4,127
651,Sharon LeEstut,2021-06-23T01:23:09Z,4,125
652,Pierce Curwood,2022-09-06T11:06:30Z,5,152
653,Walliw Brittin,2021-06-20T09:56:51Z,8,79
654,Ryley Fairbank,2022-11-16T08:05:29Z,10,157
655,Germain Beardsworth,2021-03-11T19:20:37Z,6,127
656,Donia Itzcak,2022-11-02T17:42:21Z,6,147
657,Andras Crayton,2022-01-04T15:32:56Z,2,105
658,Rosalinda Moir,2022-08-09T17:04:26Z,3,7
659,Cathi Spurett,2021-03-18T14:19:01Z,4,182
660,Cyrillus Geipel,2021-07-05T18:57:37Z,8,69
661,Charlean MacCosty,2022-05-09T17:11:06Z,9,163
662,Goober Castro,2021-05-26T13:22:51Z,10,140
663,Bambie Grimm,2022-11-01T17:03:17Z,1,48
664,April Kops,2021-06-24T11:22:41Z,1,129
665,Jasun Ostick,2022-05-01T01:34:59Z,6,110
666,Osmond Wolfers,2021-03-30T21:38:45Z,10,24
667,Leesa Chad,2021-05-20T19:14:44Z,11,94
668,Stacie Bolding,2021-12-12T05:39:06Z,4,81
669,Brigida Kellett,2022-04-06T06:23:50Z,3,180
670,Bernete Grix,2021-06-09T18:26:46Z,8,1
671,Kay Horry,2022-03-18T05:07:36Z,7,124
672,Tadeas Drury,2022-07-20T17:09:02Z,1,158
673,Abbye Weich,2022-06-01T17:51:31Z,6,47
674,Phillis Smallsman,2022-05-06T09:49:22Z,9,3
675,Nathaniel Tomlinson,2022-12-25T14:02:51Z,4,144
676,Letta Sillars,2022-06-24T09:34:17Z,3,47
677,Bessy Matyasik,2022-07-08T01:34:51Z,3,76
678,Mandie Drains,2021-11-16T21:26:56Z,6,64
679,Horst Coggin,2022-02-17T01:42:47Z,3,141
680,Enrika Johnys,2021-11-25T19:40:26Z,10,183
681,Kass Tebbs,2022-12-14T20:14:40Z,4,138
682,Letty Niccols,2022-03-25T17:30:46Z,11,103
683,Eleonora Chidzoy,2021-05-23T14:44:09Z,9,162
684,Liv Visco,2022-12-13T10:42:09Z,2,89
685,Kirsteni Bonevant,2021-11-25T05:50:51Z,1,151
686,Brewer Predohl,2021-09-22T18:51:33Z,1,142
687,Danika Pratte,2022-06-18T18:38:29Z,8,174
688,Herve Raye,2022-12-20T18:21:32Z,8,67
689,Anya Djorvic,2021-12-23T10:39:09Z,3,113
690,Roseline Gaskell,2021-07-16T08:36:31Z,,
691,Doralin Graber,,5,35
692,Davida Lopes,2021-11-19T20:16:13Z,12,42
693,Benny Nelmes,2021-01-31T00:33:16Z,11,180
694,Lorin Whitecross,2021-03-09T11:30:41Z,9,174
695,Gilberto Arendt,2022-04-08T09:05:13Z,8,110
696,Rossy Pigram,2021-04-19T15:08:46Z,4,94
697,Nicol Hlavecek,2021-08-06T21:18:33Z,11,137
698,Filia Archambault,2021-02-07T00:13:27Z,11,46
699,Sheridan Hardie,2022-06-02T02:15:27Z,5,14
700,Zena Waldera,2021-04-22T11:52:44Z,3,167
701,Nicki Teck,2022-05-16T14:45:25Z,10,124
702,Rodrique Garritley,2021-05-16T09:51:29Z,,105
703,Chantal Depport,2022-01-05T10:02:20Z,2,18
704,Patricia Sanger,2022-02-11T09:58:02Z,7,17
705,Ofella Coombe,2021-11-07T17:57:11Z,5,9
706,Lynne Dawson,2022-04-27T15:26:22Z,2,128
707,Abagail Reavey,2022-02-01T05:00:06Z,3,106
708,Staci Libbey,2021-02-12T15:12:33Z,12,10
709,Wilie Kneafsey,2021-07-14T09:20:22Z,12,70
710,Emmalee Gildersleeve,2022-06-09T08:29:31Z,7,58
711,Melinde Gunning,2022-06-28T02:28:56Z,3,65
712,Willdon Van der Son,2022-11-08T20:01:18Z,11,173
713,Irving Ilyuchyov,2021-05-13T17:19:25Z,2,38
714,Cornall Bonnefin,2022-11-28T21:52:02Z,1,164
715,Jere Selland,2021-12-05T06:48:34Z,5,66
716,Kalle Rolfe,2022-12-21T00:24:23Z,12,175
717,Keelby Amsberger,2021-05-26T12:16:43Z,8,31
718,Ingmar Paolazzi,2022-08-26T13:21:01Z,,61
719,Cassaundra Huyge,2022-04-06T08:11:50Z,4,51
720,Pepita Dawdry,2021-11-08T13:25:25Z,3,181
721,Roman Essery,2021-09-21T08:38:39Z,3,108
722,Marissa Vennart,2021-11-23T10:36:09Z,9,183
723,Amie Dubose,2022-11-09T21:23:06Z,9,135
724,Lauren Ratter,2021-11-02T10:11:05Z,4,56
725,Say Dunkirk,2021-06-03T13:51:02Z,,79
726,Sol Bunney,2021-05-30T14:08:29Z,6,59
727,Aggy Gloster,2021-09-17T21:28:09Z,5,114
728,Nerty Flemmich,2022-04-03T07:52:39Z,4,102
729,Mona Bulman,2022-01-29T13:39:13Z,11,44
730,Alissa Focke,2022-03-05T11:50:47Z,8,67
731,Juli Warton,2022-09-28T19:50:27Z,4,65
732,Karel de Clercq,2022-06-06T23:55:01Z,4,8
733,Melania Naisby,2022-08-24T03:38:15Z,2,68
734,Loella Keers,2022-07-08T13:56:20Z,7,146
735,Shandie Whife,2021-12-08T07:45:13Z,3,134
736,Lane Knapman,2022-12-21T23:22:42Z,1,15
737,,2021-08-24T02:37:19Z,5,18
738,Elisabetta Twinberrow,2021-04-12T15:18:56Z,1,37
739,Sapphira Duncklee,2022-01-13T06:37:15Z,11,48
740,Dalia Oger,,6,7
741,Alasdair Wisbey,2022-06-24T05:24:14Z,9,103
742,Ches Van der Merwe,2021-02-19T13:55:11Z,5,120
743,Odey Hullock,2021-08-07T12:42:34Z,7,22
744,Even Decent,2022-02-27T07:54:00Z,6,11
745,Tova Marlor,2022-11-12T05:04:55Z,10,93
746,Cariotta Abbett,2021-02-20T12:32:31Z,7,157
747,Stevana Tingle,2022-03-02T18:07:20Z,,30
748,Thane Owens,2022-09-14T04:12:10Z,10,8
749,Xylina Chupin,2021-03-07T17:47:47Z,6,91
750,Garreth Staner,2022-04-15T18:53:22Z,10,37
751,Darcey Mergue,2021-07-11T06:04:25Z,5,181
752,Jandy Proback,2021-08-11T11:54:56Z,6,18
753,Ewell Penticost,2021-06-03T23:08:47Z,11,165
754,Perl Ladley,2022-09-23T20:56:17Z,9,123
755,Brena Pitway,2022-06-12T18:12:21Z,1,171
756,Johannah Fruen,2022-08-26T00:26:03Z,2,72
757,Meggie Bourgaize,2022-12-22T00:46:11Z,1,170
758,Edythe Rembrandt,2021-03-29T15:53:46Z,3,143
759,Freida Gligorijevic,2021-07-10T03:26:43Z,3,103
760,Kizzee Kilgallen,2022-05-28T05:58:21Z,10,127
761,Sibby Vasyushkhin,2021-05-31T15:29:39Z,2,91
762,Ariela Ewestace,2021-01-14T22:15:20Z,8,20
763,Gladys Baudesson,2021-08-08T23:00:25Z,8,164
764,Judd Dubock,2022-06-04T11:26:09Z,12,156
765,Brennen Quilkin,2022-04-23T22:37:54Z,,124
766,Aurilia Cubbit,2021-07-23T23:07:14Z,11,99
767,Stern Marchand,2021-10-04T16:12:00Z,12,20
768,Shirline Gallen,2022-05-31T10:24:32Z,6,181
769,Paco Babinski,2021-06-11T12:00:36Z,5,154
770,Pedro Coxhead,2021-06-26T22:15:15Z,4,161
771,Jefferson Alston,2022-02-06T13:09:02Z,1,83
772,Marlee Jobern,2021-11-10T18:41:02Z,12,134
773,Kris Caddan,2022-01-19T17:06:53Z,9,43
774,Haskell Mandre,2022-03-04T11:10:18Z,5,171
775,Janelle Coggin,2022-11-06T18:01:35Z,3,
776,Anjela Drayson,2022-01-25T15:32:33Z,1,127
777,Ulberto Tomenson,2022-09-29T00:40:58Z,8,153
778,Reinald Buchett,2021-01-12T05:55:32Z,4,140
779,Matthias Iddons,2022-06-29T17:31:43Z,9,71
780,Noellyn Sailor,2022-10-25T10:58:52Z,5,93
781,Pyotr Grenkov,2022-04-30T17:15:03Z,1,2
782,Margaretta Sign,2022-11-08T21:10:56Z,6,111
783,Isiahi Fanthom,2022-02-12T05:13:16Z,7,132
784,Tawnya Cornehl,2021-09-29T18:58:53Z,7,161
785,Kirbie Leacock,2022-10-21T23:47:30Z,1,180
786,Pietrek Arnatt,2022-08-18T15:47:53Z,7,111
787,Rudie Hudspith,2022-04-24T02:46:02Z,4,151
788,Barri Greenway,2021-10-09T10:18:28Z,2,71
789,Roana Towle,2022-07-12T11:49:36Z,5,26
790,Ronna Bees,2021-08-19T18:15:37Z,6,135
791,Etta Farlham,2021-05-11T18:46:45Z,4,101
792,Vincenz White,2021-09-05T06:58:22Z,12,95
793,Milissent Eastway,2021-02-08T08:17:35Z,2,138
794,Nadia Vanyushkin,2022-08-13T15:07:41Z,8,76
795,Lavinie Limming,2021-07-10T01:25:15Z,12,93
796,Clementina Caldaro,2022-01-26T20:52:40Z,8,73
797,Anderea Shee,2021-12-08T20:05:57Z,9,1
798,Elvera Gantlett,2021-07-05T02:56:00Z,1,24
799,Fiona Mailey,2022-12-23T08:32:18Z,6,113
800,Franchot Wethey,2022-09-29T06:28:54Z,3,153
801,Demetris Kinkaid,2021-06-11T12:27:53Z,2,101
802,Russ Abrashkin,2021-08-25T08:23:37Z,4,166
803,Sharron Burlingame,2021-02-26T07:22:15Z,4,73
804,Patton Lawlan,2021-01-19T08:01:46Z,9,82
805,Bale MattiCCI,2021-02-08T12:12:27Z,2,87
806,Gonzalo Deignan,2021-04-27T01:37:24Z,6,60
807,Jean Zecchinelli,2022-09-15T13:12:09Z,2,3
808,Davie Haggith,2021-02-02T17:28:51Z,1,113
809,Warren Foddy,2022-01-12T17:17:14Z,5,65
810,Herold Mayhow,2022-06-09T06:21:02Z,7,51
811,Kristin Rusling,2021-12-31T10:45:37Z,8,78
812,Lizzy Jertz,2022-11-27T01:32:34Z,5,145
813,Evelyn Macci,2022-11-06T21:59:14Z,,156
814,Mellisa Pigeon,2022-06-07T18:25:56Z,3,13
815,Rodrigo Coate,2022-04-20T16:54:34Z,9,110
816,Gunter Balogh,,6,149
817,Brian Rosenstengel,2021-03-07T13:54:52Z,2,65
818,Cathrin Sambells,2022-01-04T02:08:36Z,12,73
819,Cindelyn Anthonies,2021-01-13T03:14:01Z,7,159
820,Durante Siveter,2022-06-29T23:26:54Z,3,81
821,Marty Fraschini,2022-12-10T08:13:38Z,6,137
822,Delano Pinckney,,2,114
823,Jessie Charlot,2022-12-14T12:16:05Z,9,97
824,Keriann Stronack,2022-02-25T01:55:01Z,1,66
825,Gordie Francillo,2022-11-27T01:50:59Z,5,130
826,Garrot Mathewson,2022-12-19T21:40:30Z,10,162
827,Lenna Rowley,2022-04-24T14:46:32Z,1,10
828,Melina Brannan,2021-09-17T17:57:28Z,5,2
829,Averil Vynarde,2021-01-27T21:46:00Z,,21
830,Sher Tousy,2022-11-13T02:40:23Z,12,19
831,Stanislas Grima,2021-10-06T23:46:53Z,3,49
832,Antonella Bixley,2021-01-31T06:19:27Z,5,159
833,Nikoletta Geany,2022-09-19T08:11:55Z,10,86
834,Marybelle Quilter,2021-06-04T19:54:16Z,6,158
835,Hort Hamflett,2022-09-14T18:53:47Z,5,87
836,Morry Houchen,2022-12-06T11:45:39Z,12,133
837,Cleve Raison,2021-01-12T18:44:53Z,12,64
838,Lotty Oulner,2022-12-15T06:19:51Z,7,162
839,Meir Sketh,2022-10-06T01:26:14Z,5,126
840,Emili Wagg,2021-08-11T11:11:16Z,6,46
841,Jeniffer Dahlborg,2022-01-28T05:50:13Z,4,8
842,Caryl Jellis,2021-06-26T22:25:17Z,11,72
843,Lari Phinn,2021-03-09T08:40:55Z,6,133
844,Leupold Ledstone,2021-08-16T16:59:43Z,2,133
845,Quinn Hacquoil,2021-05-11T00:40:53Z,7,171
846,Elfie Fumagalli,2021-03-13T04:05:34Z,10,85
847,Sutherlan Digle,2021-03-04T11:01:36Z,1,90
848,Dennison Wilcox,2021-09-19T10:32:20Z,1,99
849,Haley Suscens,2021-12-21T05:35:27Z,11,55
850,Abner Pirt,2021-03-30T19:46:58Z,10,181
851,Dorthea Starsmeare,2022-05-07T05:04:05Z,2,175
852,Nicola Willoughway,2021-12-12T18:54:57Z,2,149
853,Ermanno Andreaccio,2022-07-17T09:57:21Z,7,165
854,Selena Giovannini,2021-01-12T03:52:35Z,9,58
855,Aliza Grafton,2022-09-20T20:57:53Z,8,88
856,Ingemar Boulsher,2022-10-12T17:05:24Z,3,10
857,Hildagarde Tabourin,2022-06-02T09:57:19Z,12,147
858,Erek Scotchmore,2022-06-17T01:47:23Z,6,100
859,Murray Beeck,2022-12-24T23:06:40Z,7,74
860,Mignon Wingeat,2022-09-08T12:42:13Z,3,9
861,Laura Anlay,2021-02-27T18:18:18Z,9,138
862,Kaila Kingaby,2021-01-21T22:21:29Z,7,93
863,Stanford Wittleton,2021-03-27T19:41:38Z,9,106
864,Julietta Kenington,2022-02-14T19:12:42Z,11,110
865,Tadio Armall,2022-05-05T09:45:16Z,4,112
866,Ermina Goathrop,2021-08-08T21:06:20Z,11,131
867,Judah Ren,2022-10-26T13:46:38Z,9,177
868,Marcella Daborn,2022-09-24T02:16:25Z,11,133
869,Steffie Elleton,2021-03-09T10:03:24Z,11,143
870,Ricky Renney,2022-08-20T07:54:43Z,2,51
871,Dannye Karolovsky,2021-02-17T15:20:23Z,,179
872,Nan Colthard,2021-10-28T04:49:56Z,4,178
873,Ramsay Sedworth,2022-09-22T11:27:56Z,3,160
874,Catie Speirs,,6,175
875,Arly Gavozzi,2022-01-19T03:07:28Z,5,15
876,Bobbie Biggin,2021-03-14T17:16:02Z,4,179
877,,2021-11-14T02:20:11Z,11,55
878,Jannel Polglaze,2021-03-08T12:03:03Z,,125
879,Fredericka McGready,2021-06-15T08:51:46Z,2,126
880,Gannon Kiloh,2022-03-18T04:11:29Z,2,100
881,Elmo Doucette,2021-02-20T07:56:26Z,9,62
882,Hernando Borrill,2021-01-18T02:52:00Z,12,110
883,Katerina Spir,2022-02-10T03:51:32Z,2,96
884,Jan Dunbar,2021-06-21T00:51:58Z,2,135
885,Rose Renowden,2021-10-18T20:51:02Z,11,150
886,Tony Dodgson,2022-06-15T20:16:58Z,2,182
887,Hussein Klemmt,2022-02-23T03:29:18Z,2,139
888,Florentia Dighton,2021-10-14T16:05:55Z,10,81
889,Earvin Wilcinskis,2022-08-09T10:33:48Z,1,132
890,Othilie Camois,2022-12-29T10:59:36Z,6,118
891,Reba Massingberd,2022-11-24T00:25:00Z,3,105
892,Meta Chippendale,2021-06-20T20:47:33Z,10,140
893,Virgilio Caudle,2022-11-29T00:46:04Z,,59
894,Margret Matushevitz,2021-01-21T13:37:42Z,11,21
895,Durant Matchett,2021-04-30T06:28:07Z,11,1
896,Dido Benzing,2022-03-20T11:21:51Z,5,38
897,Jodie Styant,2022-09-30T10:19:34Z,8,
898,Gwenore Gudeman,2021-05-21T04:35:57Z,12,167
899,Missie Boise,2022-05-28T10:11:10Z,1,138
900,Wilt Mattinson,2021-02-25T14:26:06Z,11,147
901,Thomasina Caldicott,2021-11-22T22:24:15Z,10,153
902,Iolande Letertre,2022-03-30T20:27:39Z,5,148
903,Dulcine Wooldridge,2022-05-08T04:22:01Z,9,142
904,Sheilah Kettlestringe,2022-06-16T10:36:59Z,9,28
905,Valerie Siveter,2021-11-08T08:44:13Z,11,15
906,Vittoria O'Hearn,2021-01-06T17:18:18Z,11,127
907,Shell MacAirt,2021-11-29T10:48:26Z,3,10
908,Faun Sarath,2022-11-24T21:34:37Z,7,79
909,Solly Glencros,2021-07-02T07:44:25Z,7,48
910,Chloris Nichols,2021-06-20T00:15:58Z,4,136
911,Alyse Liquorish,2021-10-01T22:20:09Z,6,131
912,Bram Mersey,2021-07-06T22:39:11Z,,136
913,Lev Jennions,2021-05-17T01:17:00Z,1,158
914,Adamo Edgecombe,2022-02-22T17:04:43Z,3,
915,Xaviera Clissell,2021-02-03T15:08:49Z,11,
916,Liv Bickerstaff,2022-11-22T11:51:45Z,4,143
917,Tracey MacGall,2022-06-30T03:20:06Z,7,120
918,Fanchette Burford,2022-03-10T12:01:23Z,3,154
919,Ede Franzman,2021-02-20T09:05:08Z,5,25
920,Archy Belcham,2022-05-26T14:13:35Z,4,69
921,Portie Goodding,2021-10-09T08:37:55Z,11,113
922,Waneta Cabera,2021-12-17T05:04:34Z,7,144
923,Felizio Northrop,2021-12-12T04:55:49Z,6,73
924,Chic Swaby,2021-08-04T15:32:51Z,4,134
925,Althea Kernoghan,2021-02-11T09:40:57Z,4,4
926,Roxine Bartoshevich,2022-07-04T21:34:59Z,2,96
927,Manolo Saiger,2022-10-02T17:46:10Z,12,29
928,Valaree Bedward,2021-10-23T21:41:20Z,4,155
929,Fiann Mutlow,2021-03-24T11:37:38Z,6,56
930,Jillayne Secretan,2021-04-02T20:29:49Z,5,20
931,Bowie Tatlowe,2021-06-03T14:34:46Z,10,10
932,Nert Inseal,2022-06-26T22:35:40Z,11,94
933,Matthiew Clail,2021-03-23T17:59:36Z,11,70
934,Tabbi Quenell,2021-07-08T07:15:39Z,2,108
935,Dominique Pieche,2021-10-02T13:04:13Z,3,20
936,Lianne Dietzler,2022-04-28T07:32:39Z,1,1
937,Meier Keelin,2021-01-13T08:00:12Z,12,160
938,Sybille Gauvain,2021-10-06T19:40:22Z,8,62
939,Gene Berrow,2021-11-15T16:11:28Z,8,119
940,Agna Galler,2021-09-04T01:24:19Z,8,136
941,Bridgette Dougliss,2021-05-13T22:26:25Z,6,144
942,Sherye Boothe,2021-01-20T09:10:11Z,10,72
943,Hewe Gerardin,2022-12-25T16:55:50Z,8,168
944,Keven Hencke,2021-03-05T00:54:46Z,4,51
945,Ardelle Works,2021-06-20T03:25:04Z,8,167
946,Borg Tullis,2021-04-21T21:03:31Z,5,5
947,Lisetta Benwell,2022-05-06T14:00:47Z,8,51
948,Gabe McKerrow,2022-03-19T11:16:49Z,,142
949,Brett Clemmett,2022-01-26T01:18:21Z,10,166
950,Frederico Stannis,2021-08-19T17:05:47Z,7,62
951,Teddie Edwin,2021-05-07T15:47:25Z,11,149
952,Peggy Stiffell,2022-11-12T22:23:53Z,10,115
953,Killy Haken,2022-03-11T15:07:31Z,1,130
954,Melinde Lebbern,2021-03-25T22:12:25Z,4,11
955,,2021-11-29T13:39:25Z,5,135
956,Kermie Standen,2022-12-12T03:49:55Z,8,90
957,Nixie Jurries,2022-05-22T14:32:27Z,4,2
958,Gizela Secker,2022-06-09T20:33:18Z,3,1
959,Vanessa Duny,2021-09-13T00:28:16Z,9,9
960,Arlene Riddeough,2022-08-11T03:49:48Z,2,53
961,Elissa Patriche,2022-05-22T15:49:14Z,9,65
962,Maryjane Filipchikov,2022-12-17T19:36:04Z,6,167
963,Curry Beavon,2021-11-02T15:50:19Z,2,161
964,Alla Clawley,2021-08-19T23:20:32Z,1,18
965,Foss Cuthill,2022-02-19T09:43:00Z,6,19
966,Leupold Kock,2022-04-15T07:48:35Z,8,112
967,Nickola Bratt,2022-09-03T11:38:12Z,7,120
968,Thacher Coneley,2021-05-29T21:26:39Z,8,153
969,Ring Walthew,2022-08-21T06:48:06Z,1,149
970,Hewett Heyburn,,5,121
971,Royal Blewitt,2022-11-27T00:46:06Z,8,56
972,Avis Anglin,2021-02-15T10:50:09Z,4,155
973,Hermy Garside,2022-05-17T03:18:00Z,1,4
974,Skipp Storch,2021-03-10T21:55:20Z,,67
975,Quentin Lange,2022-01-28T03:08:36Z,3,76
976,Camille Cankett,2021-02-08T09:37:15Z,7,114
977,Demetris Durno,2022-03-31T11:23:57Z,6,129
978,Baxter Pay,,3,40
979,Bronny Cleator,2021-02-13T02:22:05Z,10,11
980,Lily Curner,2022-11-30T01:14:44Z,5,51
981,Maynord Rickson,2022-03-14T03:46:33Z,3,76
982,Harmon Earie,2022-01-23T14:09:39Z,1,126
983,Godiva Blomefield,2022-06-09T13:05:22Z,2,35
984,Moishe Castagne,2022-02-06T16:27:15Z,7,98
985,Atlanta Acutt,2022-11-23T06:17:18Z,7,123
986,Cathi Sander,2022-10-23T17:02:00Z,2,141
987,Electra Grand,2021-11-28T19:22:33Z,9,9
988,Corissa Davydenko,2021-03-13T22:02:14Z,2,5
989,Trude Mewton,2021-09-11T21:49:16Z,12,122
990,Aindrea Bergeon,2021-02-19T23:53:53Z,9,139
991,Krishnah Somersett,2021-09-13T07:49:04Z,5,129
992,Barri Ianelli,2021-07-30T04:03:17Z,8,120
993,Carleton McIlhagga,2022-03-06T22:36:34Z,1,70
994,Paul Kopke,2022-05-31T05:49:20Z,1,64
995,Chrotoem Lamden,2022-12-16T08:16:18Z,11,114
996,Constantine Rumble,2022-05-06T21:36:18Z,2,151
997,Zorah Tournay,2021-06-21T13:51:13Z,5,22
998,Zacharie Quare,2021-11-13T04:48:10Z,3,53
999,Rania Fucher,2021-02-23T18:55:09Z,12,54
1000,Monica McComiskey,2021-10-03T16:09:29Z,8,56
1001,Ham Malster,2022-10-15T10:28:18Z,4,139
1002,Janette Andreev,2022-07-26T16:01:32Z,12,173
1003,Holt Norsworthy,2022-09-10T07:55:13Z,3,87
1004,Weston Colgrave,2021-05-12T16:43:58Z,12,45
1005,Bartel Cowell,2022-05-07T04:02:50Z,5,34
1006,Emery Crabbe,2022-11-16T13:15:13Z,4,73
1007,Ogdon Josefsson,2021-01-12T01:54:08Z,10,174
1008,Lorry Domokos,2021-10-16T13:10:33Z,8,99
1009,Vivyan While,2022-12-06T19:30:03Z,6,155
1010,Missy Hosten,2022-05-04T03:06:54Z,1,122
1011,Jeno Dobrowolski,2021-08-30T13:44:39Z,6,43
1012,Leticia Dewane,2021-05-02T02:20:36Z,3,173
1013,Tanitansy Vasilyonok,2022-11-23T11:34:52Z,6,75
1014,Gretchen Robus,2022-04-04T15:37:18Z,10,172
1015,Bernadine Essex,,5,161
1016,Leticia Dearlove,2022-12-07T07:58:43Z,9,130
1017,Jasmine Edis,2021-08-16T10:05:55Z,7,78
1018,Aurelia Leaburn,2022-02-01T02:09:18Z,10,18
1019,Rollin Gimblett,2022-05-05T14:17:05Z,1,181
1020,Felike Ringrose,2021-08-23T04:50:21Z,6,40
1021,Duff Trimmill,2021-06-09T03:04:05Z,10,179
1022,,2022-06-18T17:26:59Z,4,56
1023,Boyd Abbis,2021-01-08T18:43:28Z,2,82
1024,Morgan Dudbridge,2022-12-11T07:12:53Z,5,36
1025,Katine Scathard,2022-03-12T12:24:20Z,6,57
1026,Marys Walbrun,2022-12-01T08:49:23Z,8,157
1027,Lind Outlaw,2021-11-10T06:56:23Z,3,142
1028,Farleigh Niessen,2021-07-19T17:21:47Z,5,177
1029,Glynn Sanzio,2022-12-09T09:08:47Z,12,3
1030,Goldie Filan,2021-02-19T06:14:21Z,11,106
1031,Hurley Swadon,2022-09-20T13:12:01Z,12,27
1032,Judy Tyreman,2022-08-25T09:38:08Z,5,47
1033,Fraze Pennycook,2022-08-27T23:21:29Z,9,68
1034,Torry MacAless,2021-12-08T06:17:07Z,8,50
1035,Munroe Neame,2022-05-25T22:46:49Z,5,111
1036,Judas Shiril,2022-10-07T20:22:08Z,6,
1037,Ennis Pallaske,2021-08-01T01:20:01Z,4,147
1038,Petr Heavyside,2021-04-24T17:17:51Z,11,141
1039,Jake Alway,2021-02-19T08:18:13Z,7,140
1040,Skipp Josling,2022-11-06T23:16:48Z,9,
1041,Charlene Scarlon,,10,43
1042,Dido Foulcher,2021-02-18T08:13:16Z,1,37
1043,Merrick Browning,2022-07-28T01:14:26Z,3,181
1044,Meghan Pebworth,2021-08-24T01:41:11Z,8,37
1045,Clementia Mogg,2021-01-06T11:06:55Z,12,155
1046,Rhea Nuth,2021-07-17T07:06:53Z,9,176
1047,Annette Stannislawski,2022-02-28T23:38:01Z,3,122
1048,Beck Thunders,2022-08-01T16:59:18Z,11,54
1049,Emile Asbrey,2022-08-09T12:12:39Z,4,127
1050,Corey Izkovicz,2021-12-13T16:50:07Z,6,96
1051,Teodorico Morat,2021-12-26T08:02:59Z,5,77
1052,Witty Stiger,2021-07-17T14:28:01Z,9,23
1053,Winthrop Podmore,2021-05-26T17:13:49Z,11,19
1054,Bennie Faughny,2022-10-20T19:19:28Z,8,
1055,Gaylor Hotson,2021-12-31T05:11:12Z,8,
1056,Estella Snowsill,2021-05-06T04:25:01Z,7,143
1057,Roselin Pammenter,2021-02-24T15:08:33Z,10,27
1058,Nikolaus Bellhanger,2022-10-24T00:04:15Z,5,127
1059,Zenia Sparshutt,2022-01-27T00:16:26Z,3,103
1060,Lind Norway,2021-02-24T11:31:56Z,6,145
1061,Tate Bewley,2021-11-05T21:10:55Z,7,81
1062,Tasia Gilham,2022-10-19T16:30:58Z,5,180
1063,Chrisse Terran,2021-12-29T23:55:57Z,7,96
1064,Brana Stiegers,2022-12-20T15:37:55Z,10,142
1065,Tobin Reason,2021-06-18T03:13:49Z,6,158
1066,Jennee Durtnel,2021-11-01T08:09:29Z,8,124
1067,Juliane Boyle,2021-08-04T11:39:07Z,10,27
1068,Corliss Smallsman,2022-11-16T15:46:10Z,2,70
1069,Merissa MacSharry,2021-02-15T00:28:19Z,1,62
1070,Aliza McIlwrath,2021-01-31T20:06:50Z,5,146
1071,Edmon Merryweather,2022-08-03T22:22:06Z,6,53
1072,Shaylynn Beynkn,2021-04-04T13:03:38Z,8,155
1073,Gaven Huffy,2021-08-14T17:22:29Z,6,33
1074,Rhoda MacParland,2022-05-18T16:44:07Z,9,64
1075,Jacky Pressland,2022-06-04T05:15:42Z,,111
1076,Jarret Mamwell,2022-04-06T10:48:19Z,6,61
1077,Lorinda Stredder,2021-01-14T04:15:41Z,4,4
1078,Leia Rendbaek,2021-03-05T11:58:14Z,11,170
1079,Verene Nieass,2022-03-15T21:10:12Z,6,140
1080,Astrix Davy,2022-05-02T18:38:51Z,3,84
1081,Nickolai Thamelt,2021-06-17T03:38:16Z,1,144
1082,Xerxes O'Siaghail,2021-06-07T18:20:44Z,11,25
1083,Kippie Tallach,2022-01-28T16:50:43Z,11,63
1084,Astrix Semmence,2022-12-20T05:25:35Z,4,169
1085,Nickolai Vanyushin,2022-04-19T17:51:16Z,8,14
1086,Fleurette Cumberledge,2021-12-06T00:59:52Z,11,75
1087,Genia Mickleborough,2022-07-25T07:04:33Z,3,138
1088,Ralph Van Velden,2021-06-20T22:22:02Z,7,105
1089,Sioux Bonafacino,2021-06-05T09:37:39Z,3,121
1090,Hilde Inchboard,2021-12-22T22:22:49Z,12,145
1091,Dawna Mathewes,2022-02-16T01:27:38Z,9,120
1092,Rollie Bosquet,2021-08-05T11:54:40Z,12,38
1093,Micah Hessle,2021-03-08T17:36:26Z,8,130
1094,,2021-08-29T09:04:05Z,5,60
1095,Kiersten Craydon,2022-02-26T13:59:32Z,9,52
1096,Chandler McOwan,2022-03-22T06:48:26Z,3,119
1097,Margeaux Philippard,2021-03-16T06:15:36Z,3,147
1098,,2021-03-03T16:20:12Z,12,158
1099,Sherill Bohea,2022-06-24T07:19:07Z,9,112
1100,Gibbie Soans,2022-09-08T20:26:03Z,12,83
1101,Vasilis Bentinck,2021-01-24T11:35:41Z,10,172
1102,,2021-08-23T00:28:22Z,11,106
1103,Claiborne Deegin,2022-01-05T05:38:40Z,11,25
1104,Daisy Sandeson,2022-06-17T18:34:28Z,4,165
1105,Mylo Claque,2022-04-22T10:32:37Z,9,74
1106,Lissie Peasegood,2022-09-28T12:13:12Z,8,110
1107,Stormy Erbe,2021-08-21T09:01:02Z,3,27
1108,Tirrell Harrow,2022-05-28T00:48:35Z,2,2
1109,Putnem Roser,2022-01-06T22:01:14Z,6,109
1110,Mirabelle Cowlishaw,2021-09-04T09:12:12Z,7,50
1111,Maxine McDuffy,2022-04-25T08:28:54Z,9,12
1112,Farica Persehouse,2022-06-10T21:26:08Z,12,150
1113,Corbett Morrallee,2022-04-30T13:50:34Z,8,38
1114,Leena Wedmore.,2022-11-23T17:41:26Z,4,157
1115,Terry Tookey,2021-04-25T16:54:30Z,8,91
1116,Thain Pristnor,2022-06-29T15:42:59Z,12,177
1117,Glyn Bentham,2021-03-24T17:14:24Z,9,141
1118,Roanna Ottewell,2021-06-26T08:35:28Z,4,76
1119,Kettie Spence,2021-11-07T01:46:42Z,10,152
1120,Danila Deble,2022-05-18T05:02:42Z,7,165
1121,Germayne Quoit,2021-09-27T16:15:44Z,6,61
1122,Tani Tilburn,2021-05-10T04:21:01Z,12,151
1123,Eada Mc Corley,2021-09-17T09:14:09Z,7,28
1124,Dorelle Upstone,2022-07-24T14:35:47Z,11,72
1125,Alfie Blaydon,2021-04-15T12:28:02Z,6,168
1126,Adams Gare,2022-07-26T01:49:48Z,9,81
1127,Gerianna Giovanazzi,2022-06-07T23:02:56Z,8,60
1128,Caralie Bernaert,2021-01-30T17:52:16Z,9,182
1129,Dynah Freeborn,2021-01-05T06:48:23Z,9,108
1130,Rorie Wabey,2021-10-27T19:08:59Z,10,136
1131,Olive Crowne,2022-06-13T07:11:26Z,5,118
1132,Kamillah Fritz,2022-08-19T06:18:08Z,7,35
1133,Hali Smith,2022-04-19T20:50:08Z,10,69
1134,Gottfried Shillaber,2022-05-16T00:04:58Z,11,156
1135,Cesare Mars,2022-07-04T14:37:39Z,11,66
1136,Vivien Faier,2021-01-24T10:59:09Z,8,28
1137,Dwayne Chipperfield,2021-05-11T08:58:52Z,11,144
1138,Clarisse Richings,2021-08-02T01:45:45Z,10,80
1139,Franciskus Mollitt,2022-03-09T01:31:43Z,6,145
1140,Ediva Tremaine,2022-01-08T10:51:46Z,,31
1141,Cheslie Saurat,2022-05-04T20:43:20Z,11,141
1142,Dot Craney,2022-01-11T06:03:33Z,2,51
1143,Caryl Gadsden,2021-08-04T06:29:53Z,1,146
1144,Collen Baxandall,2022-05-18T23:16:52Z,12,149
1145,Antonia Gutsell,2022-06-13T08:01:22Z,9,61
1146,Darcee Stinchcombe,2021-08-03T13:56:23Z,3,65
1147,Maudie Custy,2021-02-12T20:12:54Z,10,
1148,Jilleen Lakes,2021-02-02T05:24:44Z,2,37
1149,Marcelo Gosker,2022-11-14T12:30:50Z,2,160
1150,Dorette Crace,2022-10-17T09:30:45Z,10,80
1151,Judith Millsap,2022-03-20T02:45:51Z,5,146
1152,Marjy Albasiny,2021-04-15T20:35:59Z,11,170
1153,Pete Mallan,2022-02-03T16:22:26Z,9,17
1154,Herrick Gouldthorpe,2021-05-12T03:05:02Z,9,167
1155,Mona Rings,2022-03-18T07:16:07Z,6,178
1156,Gerry Clapperton,2021-12-03T20:47:30Z,7,150
1157,Lewes Kingston,2021-12-05T08:54:28Z,12,108
1158,Lorens Tothe,2021-04-08T13:08:14Z,,1
1159,Torey Hehl,2021-11-04T20:27:30Z,1,128
1160,Boothe Burwell,2022-07-21T17:14:39Z,2,69
1161,Umeko Burnham,2021-01-13T00:56:50Z,6,20
1162,Kaitlin Fenkel,2021-08-21T17:57:43Z,2,85
1163,Fabian Rennox,2022-07-21T07:35:24Z,4,115
1164,Enrica Van der Hoeven,2021-09-17T02:01:34Z,6,103
1165,Kristi De la Harpe,2022-04-27T00:11:25Z,4,73
1166,Mechelle Kilalea,2022-08-31T12:52:23Z,7,159
1167,Lief Cossons,2022-05-17T18:56:43Z,10,31
1168,Amaleta Bugge,2021-08-11T01:07:18Z,6,60
1169,Elysia McCaghan,2021-06-23T05:41:53Z,1,43
1170,Benedetto Margach,2022-12-21T06:11:55Z,5,116
1171,Minor Mayor,2022-04-20T02:03:38Z,5,73
1172,,2022-05-10T20:18:43Z,12,181
1173,Flint Reagan,2022-04-20T01:42:06Z,6,131
1174,Kali Bootman,2021-01-21T07:07:08Z,10,143
1175,Wilona Faill,2022-05-29T07:29:40Z,9,160
1176,Brion Collis,2021-11-05T21:20:34Z,7,49
1177,Corrina Guiu,,7,132
1178,Baily Jerwood,2021-12-25T06:53:32Z,8,40
1179,Brianna Willetts,2021-02-21T11:06:22Z,7,9
1180,,2021-09-26T04:35:03Z,11,7
1181,Tate MacKeeg,2021-01-03T14:37:31Z,7,66
1182,Nike Kemmer,2022-06-21T22:09:34Z,11,80
1183,Konstantine Howlett,2021-05-03T05:39:47Z,9,170
1184,Kristofor Dellow,2022-06-30T09:09:53Z,1,175
1185,Kania Feely,2021-09-15T00:38:23Z,11,11
1186,Odey Baroch,2021-06-22T19:55:21Z,12,18
1187,Kym Rau,2022-06-06T19:29:13Z,1,10
1188,Clemmy Crippes,2021-10-02T13:26:56Z,4,139
1189,Cecilia Hurford,2022-01-03T14:12:18Z,7,38
1190,Salem Colaco,2022-03-09T19:04:56Z,10,121
1191,Martguerita Donhardt,2022-03-14T12:04:34Z,3,123
1192,Gordy Olenchikov,2021-04-05T08:03:19Z,7,128
1193,Agathe Deeprose,2021-08-22T13:54:39Z,2,22
1194,Quintin Cannon,2021-01-10T22:13:38Z,1,123
1195,Dick Muckloe,2022-12-23T09:24:32Z,6,7
1196,Frankie Spinige,2021-09-27T02:59:55Z,4,169
1197,Daryl Parnall,2021-02-04T20:50:45Z,1,98
1198,Friederike Blasi,2021-06-28T12:58:28Z,12,145
1199,Caterina Baythorp,2022-11-16T05:01:20Z,4,167
1200,Chadwick Atkins,2022-07-21T10:39:12Z,3,100
1201,Willow Janu,2021-04-23T16:42:16Z,1,26
1202,Reeva Girling,2021-06-05T00:48:23Z,12,45
1203,Fanechka Gealle,2022-06-10T12:40:50Z,8,68
1204,Sauncho Skarin,2021-06-20T07:38:30Z,8,29
1205,Dorian Meenehan,2021-06-21T16:33:55Z,12,3
1206,Ellene Duplock,,12,116
1207,Correy Chitter,2022-10-08T00:20:00Z,7,
1208,Karolina Dorkens,2022-01-29T10:04:42Z,12,136
1209,Bernete Duffield,2021-08-07T04:21:08Z,2,12
1210,Martica Ebbles,2022-06-11T06:33:51Z,,102
1211,Sampson Mohring,2021-12-25T16:14:08Z,3,54
1212,Dasi Sprackling,2021-12-30T10:32:36Z,4,156
1213,Kara Iacomini,2022-04-05T09:10:30Z,1,6
1214,Lexine Guise,2022-09-15T14:20:49Z,8,165
1215,Lyda Nussii,2022-08-02T21:47:04Z,,37
1216,Wini Dinis,2021-01-08T01:39:43Z,9,88
1217,Mahmoud Hoppner,2022-09-17T01:49:29Z,9,79
1218,Kaja Carruth,2022-02-12T12:21:13Z,5,50
1219,Ulysses Solomonides,2021-09-20T10:16:01Z,2,24
1220,Kasper Saint,2022-08-30T18:05:16Z,5,80
1221,Anselm Peakman,2021-06-09T21:55:46Z,3,25
1222,Orville Theze,2022-01-18T18:13:21Z,3,38
1223,Chelsea Syer,2021-03-30T11:03:51Z,8,146
1224,Hesther Thing,2022-04-22T04:29:56Z,12,132
1225,Alexis Conway,2021-01-04T06:04:59Z,1,145
1226,Pennie Josifovic,2021-11-26T01:48:23Z,1,171
1227,Aguste Melloi,2022-02-25T21:23:36Z,3,42
1228,Lavinia Ortner,2021-04-13T08:03:18Z,3,156
1229,Brook Dowell,2021-04-29T11:48:27Z,3,1
1230,Cristal Conant,2022-04-07T13:57:49Z,8,73
1231,Hulda Hedin,2021-09-14T13:59:43Z,9,152
1232,Steffane Maillard,2022-09-29T20:38:47Z,6,18
1233,Jeff Easbie,2022-11-14T01:48:23Z,8,167
1234,Daron Godsafe,2022-01-05T11:14:46Z,11,88
1235,Kippie Snartt,2022-05-21T11:09:18Z,4,110
1236,Homer Palfreeman,2021-05-21T00:44:31Z,4,32
1237,Asher Pranger,2021-12-06T09:17:30Z,8,62
1238,Collete Huggett,2022-04-28T05:00:42Z,1,131
1239,Artus Bruckshaw,2021-09-22T10:11:23Z,2,102
1240,Cally Cummins,2021-09-13T00:25:29Z,4,
1241,Nelle Bertouloume,,12,166
1242,Berny McHale,2021-06-01T21:49:58Z,7,165
1243,Kellia Walkowski,2021-10-07T12:47:18Z,4,116
1244,Celisse Nickell,2021-12-25T02:43:09Z,8,156
1245,Marven Blindermann,2022-12-22T15:42:04Z,8,113
1246,Waylen Sparshett,2022-08-03T04:39:39Z,4,59
1247,Lucia Lamyman,2022-02-16T10:08:22Z,1,98
1248,Melva Wait,2021-07-28T03:04:30Z,6,
1249,Sheryl Scales,2022-07-25T02:51:49Z,9,11
1250,Lodovico Hulatt,2022-01-16T20:11:03Z,3,20
1251,Avivah Stolting,2022-02-18T07:58:31Z,4,168
1252,Judas Bodill,2021-04-22T15:42:13Z,4,146
1253,Linn Di Ruggero,2021-11-06T15:48:34Z,3,162
1254,Marja Sawbridge,2022-02-11T07:54:55Z,7,171
1255,Rodolphe Pitkeathley,2021-05-17T13:49:35Z,1,107
1256,Kenna Roskeilly,2021-11-12T06:36:25Z,9,77
1257,Thayne Johannesson,2022-09-29T21:12:04Z,10,13
1258,,2021-08-09T17:41:48Z,1,57
1259,Donielle La Rosa,2022-07-30T12:12:11Z,4,4
1260,Fernanda Nickoll,2021-01-22T04:33:12Z,1,93
1261,Seline Lampe,2021-08-23T06:56:39Z,6,
1262,Byron Clubley,2022-01-04T02:23:59Z,2,174
1263,Palm Espinheira,2021-09-02T16:58:16Z,9,116
1264,Lenee Eagland,2021-03-02T13:37:44Z,5,124
1265,Free Firmager,2021-06-24T12:25:30Z,6,122
1266,Dulcie Brewett,2022-06-20T08:31:33Z,12,166
1267,Rutherford Hearnden,2022-03-02T10:26:44Z,10,48
1268,Brittani Dreng,2022-01-18T18:03:27Z,7,150
1269,Brade Dwire,2022-06-23T10:34:04Z,12,43
1270,Brittan Whitlam,2021-09-29T00:24:54Z,4,99
1271,Janenna Levington,2022-01-15T11:56:10Z,3,81
1272,Idalina Collingwood,2021-06-08T23:47:16Z,8,100
1273,Maurie Fenemore,2021-10-30T12:44:31Z,11,126
1274,Chrysa Noir,2022-04-15T00:09:37Z,1,87
1275,Ban Gratten,2022-08-26T06:17:46Z,10,37
1276,Paola Schindler,2022-01-16T21:28:02Z,3,101
1277,Morgen Bowld,2021-08-11T13:57:03Z,9,53
1278,Bogey Slatcher,2022-07-15T15:45:21Z,3,148
1279,Magnum Delacour,2021-01-01T05:43:40Z,7,16
1280,Leila Careless,2021-02-10T14:13:43Z,12,42
1281,Shirlee Guille,2021-10-29T08:28:18Z,1,104
1282,Allie Fibbit,2021-12-12T15:48:45Z,3,178
1283,Liva Luckhurst,,1,47
1284,Jonah Shackelton,2022-12-15T07:06:28Z,2,130
1285,Jarrid Raffan,2021-05-04T07:52:26Z,10,70
1286,Donnajean Yakushkev,2021-02-02T12:50:26Z,8,21
1287,Verla Farloe,2022-09-20T14:02:29Z,3,137
1288,Nataniel Butland,2021-09-20T08:28:50Z,8,120
1289,Seline Hext,2021-07-06T17:08:47Z,12,115
1290,Elyssa Seaborn,2022-01-28T14:06:59Z,11,97
1291,Kala Marrion,2021-07-20T03:07:38Z,10,96
1292,Alva Teasdale,2021-04-10T15:29:26Z,10,12
1293,Addie Tregidga,2022-01-15T01:12:32Z,2,92
1294,Fletcher Minthorpe,2022-06-15T12:47:18Z,1,102
1295,Gawen Deinhardt,2022-08-14T00:54:56Z,4,142
1296,Farrah Herries,2021-08-26T13:34:07Z,6,168
1297,Lauraine Sheara,2022-05-11T14:59:22Z,10,171
1298,Suzanna Isaksson,2021-12-06T14:33:02Z,5,88
1299,,2021-10-09T12:53:16Z,1,156
1300,Izak Leckie,,12,40
1301,Royall Paoli,2022-11-30T19:56:35Z,5,168
1302,Clyde Wye,2021-08-01T11:10:23Z,4,168
1303,Dara Benoist,2021-11-21T10:06:19Z,9,93
1304,Ruthi Stoyle,2022-01-31T12:32:59Z,5,154
1305,Arthur Omrod,2021-02-09T01:53:19Z,1,56
1306,Donica Obert,2021-12-01T08:47:16Z,6,108
1307,Brockie Philimore,2022-02-26T05:12:25Z,8,101
1308,Samara Daborne,2022-10-22T14:52:02Z,2,60
1309,Vin Barraclough,2021-05-22T07:25:41Z,8,146
1310,Mirabel Issit,2021-04-16T03:49:26Z,11,17
1311,Gage Calverd,2021-01-31T22:26:35Z,4,155
1312,Cedric Pidwell,2022-08-14T21:21:35Z,5,35
1313,Lamar Hansley,2022-05-28T23:58:21Z,4,162
1314,Kaila Crollman,2022-07-11T17:53:49Z,9,78
1315,Maryjane McEnhill,2022-04-08T14:59:25Z,1,183
1316,Adiana Hess,2021-02-15T07:33:09Z,11,65
1317,Reamonn Tremblet,2021-12-29T11:41:22Z,9,71
1318,Lucretia Josephov,2022-07-27T20:52:57Z,10,166
1319,Prisca Medeway,2021-08-14T09:00:52Z,11,39
1320,Eduardo Govinlock,2021-08-18T04:32:28Z,12,6
1321,Vaughan Applegarth,2021-03-07T19:59:11Z,4,60
1322,Elsi Dan,2021-06-24T11:14:39Z,11,19
1323,Trent Ivanshintsev,2022-12-13T20:41:36Z,6,27
1324,Malcolm Blundell,2022-08-08T04:06:44Z,7,87
1325,Ellen Aggas,,11,117
1326,Rene Worsalls,2021-09-13T05:27:52Z,1,28
1327,Carilyn Longfellow,2021-11-17T06:25:06Z,2,51
1328,Hatty Sivess,2021-03-03T13:17:50Z,1,80
1329,Marleah Dineen,2021-10-08T04:16:41Z,5,16
1330,Alyosha Withers,2021-11-07T11:51:24Z,5,10
1331,,2021-02-03T04:53:53Z,1,57
1332,Quincey Bucklan,2022-01-09T19:31:19Z,12,125
1333,Vasilis Dunbavin,2022-10-30T05:59:27Z,6,38
1334,Coleen Faulconbridge,2021-10-23T20:48:48Z,5,141
1335,Eveline Pillman,2022-09-17T10:01:23Z,8,102
1336,Coretta Aldcorne,2021-05-31T01:07:32Z,4,158
1337,Abbey Duplock,2022-11-18T02:50:14Z,12,100
1338,William Isaac,2021-05-06T15:40:59Z,6,76
1339,Arin Angell,2021-01-22T04:50:40Z,7,11
1340,Stillman Matches,2022-04-28T17:39:36Z,4,124
1341,Toni Dyson,2022-03-25T21:14:58Z,10,166
1342,Jacobo Belson,2021-09-16T07:11:37Z,5,44
1343,Lilas Santoro,2022-02-12T07:33:09Z,4,79
1344,Stavro Ghent,2021-02-03T23:48:17Z,10,176
1345,Benedikt Bellocht,2021-01-05T11:03:32Z,10,62
1346,Tarah Muscroft,2022-09-13T14:52:11Z,5,147
1347,Annaliese Cattrell,2021-09-04T21:44:43Z,12,175
1348,Daisey Tomblin,2022-11-02T12:25:53Z,7,86
1349,Myles Sigward,2022-03-25T15:59:06Z,4,2
1350,Allie Lovatt,2021-12-17T11:27:58Z,9,158
1351,Byrle Glisane,2022-12-16T10:13:13Z,11,72
1352,Maurene Hasty,2022-02-11T20:55:02Z,1,114
1353,Patrizio Branford,2021-06-11T13:02:26Z,12,46
1354,Lacee Pignon,2021-07-18T04:15:31Z,6,114
1355,Rozina Franz-Schoninger,2022-05-04T15:25:51Z,12,134
1356,Petronille Habbeshaw,2021-08-31T09:21:15Z,7,123
1357,Selma Elnor,2022-07-21T21:00:45Z,10,58
1358,Zachariah Leworthy,2021-12-29T19:08:59Z,5,48
1359,Cleon Thowless,2021-03-04T01:54:40Z,10,137
1360,Jenn Arendt,2021-12-21T06:19:48Z,10,167
1361,Bethina McClarence,2022-10-06T09:21:01Z,6,76
1362,Prentiss Ballister,2022-06-25T14:54:07Z,12,123
1363,Pam Abramowitch,2022-06-11T01:44:05Z,4,31
1364,Glenn Mucci,2022-12-10T05:32:36Z,1,44
1365,Kanya Wind,2022-01-08T19:33:05Z,10,58
1366,Kip Fantin,2021-08-06T17:02:59Z,8,96
1367,Web Gonnard,2021-02-25T09:12:18Z,2,144
1368,Irwinn Carlson,2021-08-10T11:16:55Z,7,120
1369,Leia Wondraschek,,8,71
1370,Wilona Piperley,2022-10-21T15:58:37Z,2,12
1371,Arleyne Sanchis,2021-12-30T22:52:53Z,3,115
1372,Hermione Tenaunt,2022-09-16T20:31:31Z,9,173
1373,Ronnie Pingston,2022-01-26T15:15:53Z,2,140
1374,Kristan Tine,2022-08-20T02:06:01Z,1,117
1375,Dannye Nicol,2022-04-22T16:57:44Z,3,16
1376,Roddie Corragan,2021-02-16T07:37:40Z,12,108
1377,Pete Klimczak,2021-04-25T00:50:00Z,6,12
1378,Roby Kingsland,2021-04-15T02:18:00Z,11,131
1379,Haleigh Symper,2021-11-23T01:51:51Z,10,78
1380,Chrissie O'Gleasane,2022-02-28T07:20:11Z,9,164
1381,Malena Ashfold,2021-12-14T12:42:45Z,4,139
1382,Hallie MacSkeaghan,2021-04-02T02:18:23Z,7,182
1383,Kevina Foulser,2021-05-19T22:39:45Z,5,3
1384,Barret Batchley,2022-05-14T01:09:55Z,6,4
1385,Yoshiko Praundl,2022-05-10T06:52:21Z,8,25
1386,Boniface Trowsdale,2021-05-29T10:47:29Z,8,2
1387,Gusty Bolland,2021-04-01T18:47:47Z,2,92
1388,Hussein Kinane,2022-09-24T05:20:38Z,9,103
1389,Cirilo Layman,2022-09-05T00:06:36Z,11,109
1390,Corbie Brewitt,2021-09-08T11:02:06Z,4,161
1391,Amye Rittelmeyer,2022-05-24T02:53:20Z,3,162
1392,Giacinta Fawcus,2021-04-23T00:49:32Z,1,176
1393,Illa Leyborne,2022-06-19T19:08:07Z,1,119
1394,Nev Butchart,2022-12-02T06:07:34Z,1,135
1395,Hermine Brason,2021-12-27T22:39:38Z,4,94
1396,Almeria Lasslett,2022-03-16T21:37:41Z,9,150
1397,Franni Bartlomieczak,2021-08-23T19:21:59Z,2,157
1398,Roderick Dachs,2021-08-15T17:25:12Z,10,18
1399,Weston Gounod,2022-10-17T08:35:47Z,9,50
1400,Sharla Benneyworth,2021-11-05T00:12:31Z,4,92
1401,Clareta Byram,2022-02-01T01:02:16Z,1,
1402,Malanie Arnaldi,2022-11-30T02:17:42Z,11,94
1403,Hadlee Vanyard,2021-05-25T18:51:32Z,7,43
1404,Caleb Badger,2021-03-10T03:34:23Z,4,111
1405,Phillipe Corden,2022-11-12T00:54:16Z,2,76
1406,Slade Pridmore,2021-12-11T12:42:16Z,9,80
1407,Antonetta Halfacre,2021-02-02T20:47:03Z,2,45
1408,Bathsheba Polino,2022-02-06T21:36:24Z,5,106
1409,Leodora Millsap,,8,27
1410,Benson Banaszewski,2021-11-13T11:41:57Z,8,168
1411,Una Caban,2021-06-04T00:44:12Z,9,19
1412,,2021-03-29T00:16:28Z,9,66
1413,Biddy Worrell,2021-10-05T05:00:49Z,8,3
1414,Brendin Shepcutt,2022-12-11T09:41:28Z,4,125
1415,Chadwick Quiddington,2022-09-18T07:21:35Z,6,18
1416,Lyssa Luetchford,2022-03-03T10:04:38Z,5,143
1417,Cly Gamil,2022-09-16T14:08:59Z,2,63
1418,Hillary Winnister,2021-09-16T12:41:49Z,4,137
1419,Xylina Helder,2021-06-19T08:31:42Z,3,152
1420,Norman Yakovlev,2022-02-21T13:41:05Z,4,111
1421,Udale Stables,2021-05-11T04:19:55Z,,
1422,Allina Keasley,2021-03-21T17:21:40Z,11,121
1423,Rivi Gourlay,2021-05-21T23:04:51Z,2,140
1424,Adelice de Clerq,2022-01-01T10:25:32Z,12,134
1425,Gilbert Galletly,2022-10-06T07:43:25Z,11,150
1426,Marley Brasner,,1,130
1427,Rahal Woodthorpe,2021-07-15T14:15:38Z,11,22
1428,Martica McKew,2021-07-04T10:00:38Z,2,88
1429,Twyla Brackstone,2021-07-02T13:10:20Z,10,76
1430,Catlin Segges,2022-05-02T21:06:33Z,8,7
1431,Giacomo Pennoni,2021-10-04T08:58:33Z,10,64
1432,Essie Beecham,2021-05-10T20:43:49Z,1,53
1433,Nolana McKeighen,2022-04-12T01:10:08Z,3,68
1434,Deck Georgius,2021-09-08T14:55:43Z,5,70
1435,Addie Chazelle,2021-09-05T01:29:36Z,,141
1436,Zak Smissen,2022-12-03T09:33:20Z,12,6
1437,Rustie Grangier,2022-02-12T13:14:58Z,3,70
1438,Catherine Synnot,2022-09-26T11:47:42Z,2,63
1439,Iggie Orbine,2021-04-12T16:27:00Z,12,132
1440,Carlyle Anchor,2022-05-09T06:50:33Z,10,96
1441,Rosalinda Jachimiak,2021-06-21T07:54:44Z,9,143
1442,Morgana Seatter,2021-10-14T01:36:14Z,11,158
1443,Vinson Rosenqvist,2022-11-09T00:15:28Z,11,108
1444,Bondy Whild,2022-10-12T10:57:05Z,11,24
1445,Carver Cracie,2021-11-16T21:06:47Z,12,39
1446,Derrek Jedrzejczak,2022-07-16T09:54:04Z,8,164
1447,Millisent Cristofol,2022-05-11T16:16:21Z,1,60
1448,Gabriela Oscroft,2022-08-22T10:43:41Z,11,106
1449,Cam Gaunson,2022-06-10T20:14:38Z,7,21
1450,Chrisse Freke,2022-01-03T13:31:24Z,1,90
1451,Klemens Loakes,2022-04-23T02:34:15Z,5,5
1452,Deloria Yeardley,2021-02-10T08:44:54Z,6,121
1453,Vonni Fearnside,2022-09-21T11:15:20Z,1,166
1454,Ganny McNeely,2022-04-26T05:21:32Z,1,
1455,Eulalie Rodway,2021-02-15T13:40:31Z,9,
1456,Laney Castiblanco,2022-02-17T04:48:54Z,6,156
1457,Marlow Nicklen,2021-03-07T22:01:44Z,11,10
1458,Merrill Tarbin,2021-05-19T01:27:10Z,12,144
1459,Gail Buchett,2021-09-21T14:07:20Z,7,108
1460,Tommy Beattie,2022-12-06T15:21:55Z,10,3
1461,Jasmina Riste,2022-02-09T20:06:27Z,4,90
1462,Dinnie Kupke,2022-08-18T05:33:44Z,12,
1463,Maible Longfield,2022-05-16T20:31:46Z,10,112
1464,Kelley Cramer,2022-05-04T01:44:07Z,6,154
1465,Chris Archibould,,11,149
1466,Skipton Skentelbury,2022-01-01T21:05:18Z,4,128
1467,Leeland Tremmil,2021-04-22T23:59:54Z,12,70
1468,Jefferson Redwood,2021-12-11T01:33:42Z,5,73
1469,Renelle Brackley,2021-12-17T09:57:29Z,9,79
1470,Denny Ryce,2021-04-12T13:07:08Z,7,81
1471,Julietta Stenning,2022-09-17T12:24:11Z,11,45
1472,Siward Bickle,2021-03-23T01:56:58Z,10,152
1473,Ynes Hurford,2021-11-06T08:44:00Z,11,122
1474,Orly Blackney,2022-11-25T16:46:56Z,2,158
1475,Mela Gault,2021-09-21T13:33:28Z,2,160
1476,Tamara Korting,2022-11-17T05:55:30Z,3,10
1477,Arlie Schoroder,2022-07-29T20:26:01Z,2,140
1478,Ty Fullerton,,4,43
1479,Ginnifer Proudlove,2021-04-17T11:08:35Z,9,115
1480,Hughie Bartunek,2022-11-08T17:54:40Z,5,131
1481,Annabal Rafe,2022-11-12T03:11:24Z,10,140
1482,Jaimie Corhard,2022-02-21T06:13:50Z,4,110
1483,Felic Kingcott,2022-06-14T11:02:20Z,8,151
1484,Regine Corthes,2022-01-31T02:04:40Z,8,107
1485,Josefina Oldam,2022-05-04T11:51:59Z,11,111
1486,Web Ruseworth,2022-01-11T11:21:53Z,8,82
1487,Veronica Greep,2021-02-06T04:24:24Z,2,180
1488,Rheta Fullstone,2022-10-20T08:05:15Z,2,25
1489,Vinson Halvorsen,2021-02-05T16:37:05Z,11,43
1490,Rochell Astlett,2022-10-19T00:24:02Z,6,125
1491,Loren Chilcotte,2021-11-26T08:27:28Z,3,89
1492,Jeramie Boness,2022-05-27T15:35:52Z,12,181
1493,Ellynn Alldred,2022-01-22T22:20:40Z,10,99
1494,Leopold Rude,2022-05-01T01:08:21Z,6,131
1495,Amandie Deex,2022-02-02T21:31:59Z,8,128
1496,Casi Durdy,,4,116
1497,Sheree Attrill,2022-05-12T15:25:10Z,3,15
1498,Baron Ryman,2022-08-13T23:49:30Z,1,111
1499,Meris Gilbank,2022-11-28T21:45:46Z,11,178
1500,Garth Rollins,2022-10-11T03:21:46Z,6,10
1501,Leticia Cookes,2022-10-08T23:05:38Z,7,51
1502,Antone McFadzean,2021-11-09T15:38:16Z,4,118
1503,Roarke Ouldcott,2022-07-21T20:16:30Z,9,83
1504,Oona Dumbleton,2021-10-10T00:56:12Z,1,158
1505,Nolan Bushell,2021-08-26T00:21:58Z,3,3
1506,Avram Southgate,2022-05-30T21:26:34Z,7,66
1507,Jo Grumble,2021-12-30T00:19:27Z,10,155
1508,Kara MacKey,2021-11-14T04:21:52Z,5,20
1509,Artemas Offen,2021-05-10T02:42:55Z,11,131
1510,Ralph Commings,2021-05-25T08:05:42Z,9,80
1511,Colleen Proffitt,2021-12-02T18:04:15Z,2,131
1512,Arnuad Dassindale,2021-08-02T19:56:57Z,12,86
1513,Granville Windle,2022-06-28T06:51:08Z,9,104
1514,Averyl Orta,2022-09-03T09:52:27Z,5,56
1515,Cornela Lusty,,12,145
1516,Pavia Gapper,2022-06-17T08:10:32Z,1,181
1517,Belicia Burle,2022-05-04T01:09:11Z,10,171
1518,Chaddy Webley,2022-01-14T10:35:48Z,7,104
1519,Delmer McNeely,2022-01-12T19:13:50Z,6,50
1520,Harlen Nettle,2022-06-02T22:14:27Z,8,28
1521,Abbot Bener,2021-06-13T16:42:40Z,1,26
1522,Karlens Tomaszynski,2021-12-29T20:38:54Z,4,76
1523,Bart Carlyon,2022-03-27T06:08:12Z,12,49
1524,,2022-05-05T09:51:28Z,10,62
1525,Regan Leece,2022-10-08T05:03:10Z,7,25
1526,Merla Gregs,2021-06-11T21:17:09Z,,113
1527,Audy Lush,2021-12-09T22:15:23Z,4,156
1528,Ethelin Blasiak,2022-03-06T19:06:07Z,6,157
1529,Ilyssa Dunster,2022-05-11T13:35:16Z,1,62
1530,Dylan Chatain,2021-11-20T03:21:09Z,5,90
1531,Verina Barz,2021-04-01T23:45:20Z,11,86
1532,Chane Winkworth,2022-10-09T21:47:09Z,1,38
1533,Patrice Eglinton,2021-09-08T20:37:55Z,11,130
1534,Noella Ohanessian,2022-07-08T16:53:57Z,1,32
1535,Hasty Brotherhead,2022-03-16T14:58:21Z,5,83
1536,Brita Adamoli,2022-08-13T21:23:26Z,11,45
1537,Hoyt Sheerin,2021-08-18T05:37:23Z,6,165
1538,Yoshi McGinty,2021-08-01T18:20:25Z,5,168
1539,Jermayne Rubinovitch,2022-08-20T14:58:58Z,1,79
1540,Gal Gissop,2022-09-08T20:21:24Z,9,54
1541,Otis Phelps,2022-10-05T06:04:34Z,8,166
1542,Bern Dochon,2022-01-21T01:09:02Z,1,18
1543,Janka Vanyutin,2022-07-04T06:19:28Z,12,142
1544,Olympie Atwater,2022-03-03T22:29:22Z,,169
1545,Egan Petrol,2021-11-05T18:35:33Z,9,144
1546,Lotta Straker,2022-12-25T10:29:05Z,,172
1547,Gothart Padwick,2022-04-12T10:33:54Z,5,125
1548,Felicity Roistone,2022-01-11T22:56:38Z,5,96
1549,Horton Mulvany,2022-05-07T17:17:20Z,6,111
1550,Alvie Raubenheimer,,2,31
1551,Suzann McKechnie,2022-02-28T20:53:43Z,2,78
1552,Junette MacKomb,2021-04-05T08:26:13Z,1,105
1553,Minette Le Estut,2021-02-07T15:51:22Z,9,90
1554,Fitz Beaglehole,2022-02-20T20:57:43Z,11,160
1555,Felecia McClymond,2022-06-07T14:02:17Z,11,49
1556,Ardenia Chopin,2022-02-27T00:17:56Z,4,152
1557,Celestyna Scroggs,2021-11-22T03:13:23Z,12,150
1558,Harwilll Paty,2022-12-19T23:14:38Z,8,80
1559,Murvyn Caves,2021-01-05T01:32:11Z,9,106
1560,Claudell Halmkin,2021-08-27T20:23:20Z,8,103
1561,Rowland Smye,2022-08-26T18:41:33Z,1,23
1562,Lorain Cammacke,2022-08-30T08:11:14Z,3,90
1563,Hyman Vodden,2021-01-09T10:10:47Z,9,76
1564,Jada Elsmor,2021-07-28T21:54:16Z,10,120
1565,Cornela Deller,2022-03-15T14:04:30Z,3,164
1566,Kris Dix,2022-09-14T04:06:48Z,4,162
1567,Marylin O'Cullinane,2021-06-09T06:21:40Z,8,55
1568,Kip Wynn,2021-01-01T16:19:49Z,4,87
1569,Isaak Hambly,2021-01-06T13:45:52Z,7,25
1570,Howey Astles,2022-08-25T00:05:55Z,7,18
1571,Yorgos Bocock,2021-04-21T19:26:12Z,7,12
1572,Gerti Kluss,2021-03-27T03:23:12Z,12,50
1573,Becki Ivancevic,2021-05-04T20:24:04Z,10,35
1574,Nanette Dignum,2021-07-27T19:28:06Z,11,48
1575,Normy Eliff,2022-08-12T21:39:25Z,6,45
1576,Greer Simcox,2021-10-21T14:59:42Z,3,113
1577,Brynne FitzGeorge,2022-11-18T00:24:25Z,8,117
1578,Alla Dollen,2022-06-29T12:33:21Z,8,166
1579,Roanne Caitlin,2021-03-22T16:54:58Z,7,42
1580,Conchita Embury,2022-07-11T09:31:54Z,7,178
1581,Prue Aliman,,3,87
1582,Job Thomasen,2021-02-24T19:58:25Z,3,120
1583,Shirl Crandon,2021-02-24T14:06:52Z,8,114
1584,Milty Fydo,2022-04-27T02:04:00Z,7,82
1585,Ennis Foxwell,2021-07-24T00:37:11Z,12,154
1586,Aimil Oseman,2021-03-12T15:46:55Z,12,20
1587,Darbie Jedrzejewsky,2021-09-15T15:13:06Z,11,4
1588,Regan Izkovicz,2022-11-02T02:07:18Z,6,79
1589,Mayne Skip,2021-06-27T21:34:13Z,3,129
1590,Bren Iacavone,2022-06-09T20:35:59Z,8,79
1591,Renie Broadwood,2022-08-27T02:07:12Z,8,154
1592,Odo Hardison,2022-08-22T13:44:59Z,5,152
1593,Remus Ilyasov,2022-04-11T15:03:23Z,6,9
1594,Freddy Tollett,2022-01-23T04:39:25Z,11,129
1595,,2021-01-02T20:36:52Z,11,77
1596,Tony Paolinelli,2021-10-01T07:44:50Z,11,9
1597,Danita Riordan,2022-09-05T14:04:32Z,11,147
1598,Emmye Riba,2021-08-30T02:48:23Z,7,
1599,Queenie Hinners,2022-04-15T00:44:28Z,10,128
1600,Emmy Degan,2021-08-10T16:06:46Z,7,2
1601,Alix Sagrott,2022-04-17T07:18:39Z,6,164
1602,Oona Spikins,2021-11-07T04:44:00Z,7,148
1603,Regen Llywarch,2022-10-23T15:41:06Z,3,75
1604,,2021-07-26T07:42:17Z,12,54
1605,Inesita MacCleod,2022-06-05T03:52:20Z,2,143
1606,Auberta Davenport,2022-11-18T08:11:04Z,3,73
1607,Julia Gower,2022-02-06T09:23:28Z,3,90
1608,Federico Boon,2021-05-10T17:20:05Z,10,148
1609,Farand Thickpenny,2022-10-22T14:59:54Z,2,63
1610,Alis Vick,2021-07-16T12:45:30Z,3,125
1611,Bartholemy Rodbourne,2021-05-05T09:59:54Z,7,112
1612,Archibaldo Pardey,2021-10-22T20:12:47Z,2,168
1613,Abramo Vickarman,2022-07-19T12:34:41Z,6,24
1614,Gianina Settle,2021-09-03T18:22:22Z,10,146
1615,Clemmy Gozney,2021-08-10T12:17:48Z,2,181
1616,Efren Askaw,,6,63
1617,Davis Jovic,2022-04-20T03:09:17Z,6,69
1618,Hephzibah Coppock.,2021-01-13T05:03:21Z,11,148
1619,Cori Burnup,2021-12-31T17:41:52Z,7,10
1620,Cesaro Franzel,2021-08-19T11:05:44Z,6,163
1621,Glenn Ragat,2022-09-08T08:46:19Z,4,167
1622,Veriee Reinbach,2021-07-02T01:57:20Z,12,90
1623,Bald Standage,2021-09-01T11:40:12Z,12,3
1624,Loren Baitman,2021-10-17T14:17:24Z,11,135
1625,Jessalyn Boskell,2022-08-06T03:27:11Z,10,42
1626,Christin Dudson,2021-10-17T06:47:03Z,7,167
1627,Frederic Tolomei,2022-03-19T19:10:23Z,5,157
1628,Lenora Scripture,2022-07-03T18:44:11Z,11,2
1629,Sammie Rapelli,2022-12-05T20:10:59Z,2,157
1630,Phyllida Ayce,2021-10-17T00:05:14Z,3,127
1631,Eugenius Pietersen,2022-12-20T14:42:24Z,10,6
1632,Alica Pedlow,2022-04-01T15:06:39Z,5,146
1633,Keriann Gudgin,2021-07-30T03:50:40Z,7,56
1634,Emmy Geator,2022-05-26T11:44:41Z,4,55
1635,Xerxes Graysmark,2022-09-05T06:11:58Z,2,25
1636,Walton Duthie,2021-03-12T07:04:06Z,11,36
1637,Gwynne Aldis,2021-05-01T04:14:51Z,1,71
1638,Isaac Hardiman,2022-08-22T07:49:08Z,10,110
1639,Brittaney Bickley,2021-02-18T00:23:14Z,3,37
1640,Rolland Schiell,2021-12-08T14:28:19Z,7,135
1641,Jeffrey Caulliere,2021-02-25T12:50:58Z,1,2
1642,Ozzie Mc Meekin,2022-08-13T21:55:21Z,8,138
1643,Bernardine Fotherby,2021-03-14T02:42:40Z,6,97
1644,Hetty Moors,2021-07-15T01:13:48Z,5,28
1645,Fred Cubley,2022-01-16T08:39:31Z,6,161
1646,Brewster Tincombe,2021-08-21T12:49:08Z,3,66
1647,Leonora Robbe,2022-03-15T12:53:42Z,8,69
1648,Almeria Minger,2021-05-14T06:37:51Z,7,108
1649,,2021-12-03T14:07:53Z,2,45
1650,Jessie Laval,2022-04-30T09:49:28Z,7,70
1651,Sari Hemphill,,3,3
1652,Wenona Soutar,2022-10-11T11:10:30Z,1,
1653,Cale Mulhall,2022-10-04T18:54:30Z,9,49
1654,Quintilla Daveran,2021-10-23T12:53:01Z,2,164
1655,Otto Willows,2021-08-15T18:32:08Z,5,3
1656,Frederigo Checchi,2021-06-06T08:57:43Z,4,21
1657,Maddy Decaze,2022-03-04T21:21:16Z,9,79
1658,Nancey Reyne,2021-05-14T08:11:01Z,7,86
1659,Alisun Minear,2021-12-13T01:27:22Z,7,131
1660,Anthe Iacoviello,2021-06-09T17:22:33Z,4,96
1661,Jodie Fretson,2022-02-24T22:43:17Z,7,19
1662,Remus Lago,2022-06-05T14:22:55Z,11,8
1663,Balduin Whiffen,2022-09-20T14:05:09Z,1,164
1664,Dunstan Hars,2022-09-10T12:56:59Z,11,73
1665,Fredrika Broadis,2022-11-07T02:16:39Z,1,94
1666,Doris Wurst,2021-06-30T23:32:44Z,1,181
1667,Raffaello Garnsworth,2022-07-23T06:08:59Z,12,169
1668,Reagan Gonneau,2021-10-14T02:34:30Z,1,100
1669,Addie Gulvin,2022-07-04T07:14:46Z,11,181
1670,Robenia Oliveira,2022-01-19T02:09:10Z,7,160
1671,Joellyn Blyth,2021-09-13T07:31:03Z,7,34
1672,Cacilie Vanyushkin,2022-08-19T09:02:16Z,2,46
1673,Ainslee Ridgley,2022-10-31T03:18:51Z,10,145
1674,Luce Beswetherick,2021-04-26T17:16:31Z,7,19
1675,Birgit Pietrzyk,2021-12-03T06:08:44Z,5,133
1676,Darline Lockhart,2021-06-28T00:29:34Z,3,163
1677,Remy Gagie,2021-05-17T23:19:02Z,4,149
1678,Any Tampion,2022-04-28T01:47:52Z,8,
1679,Enoch Fitzpatrick,2021-08-29T16:44:08Z,1,6
1680,Fidelio McFeate,2022-06-19T16:57:17Z,8,43
1681,Bonita Charrette,2022-10-23T05:02:54Z,5,42
1682,Cris Reyburn,2021-07-08T23:07:23Z,12,162
1683,Ali Greetham,2021-09-12T01:50:54Z,10,35
1684,Lonna Benson,2021-04-28T19:40:23Z,9,100
1685,Orelee Sex,2021-04-19T08:30:36Z,10,58
1686,Barbie Yeates,2021-11-17T13:40:16Z,7,179
1687,Alleen Challoner,2022-09-25T20:59:44Z,7,165
1688,Yetta Wilshin,2022-01-23T04:40:36Z,5,138
1689,Cob Kitchenside,2022-07-23T20:40:39Z,10,107
1690,Gilberte Rillett,2022-05-24T05:15:48Z,6,31
1691,Rebecca Andrys,2021-07-02T06:17:17Z,10,110
1692,Tymothy Lowbridge,2022-12-21T19:39:43Z,4,54
1693,Filberto Adlam,2021-11-28T02:51:39Z,6,14
1694,Silva Lanney,2022-04-07T21:06:04Z,1,41
1695,Monique Windrum,2021-09-12T12:57:40Z,11,89
1696,Read Riatt,2021-04-16T02:38:00Z,5,152
1697,Micah Cranton,2022-12-06T14:25:15Z,7,180
1698,Brena Rimer,2022-10-25T00:03:11Z,,81
1699,Lonnie Stroton,2022-01-10T21:31:29Z,9,8
1700,Romola Hartley,2022-05-09T10:46:19Z,9,98
1701,Berget De Biasi,2021-02-15T02:25:28Z,3,117
1702,Forster Clabburn,2022-08-24T07:42:52Z,9,90
1703,Andrey Coultous,2022-06-09T15:24:29Z,3,98
1704,Conroy Gregoli,2022-09-18T12:03:06Z,9,6
1705,Neddy MacGillivrie,2021-05-05T15:04:39Z,2,3
1706,George Arnhold,2021-05-27T14:40:08Z,12,183
1707,Sula McConnell,2021-01-16T08:40:45Z,8,46
1708,Livvyy Blaschek,2022-07-03T18:32:07Z,3,119
1709,Adolphe Hyndley,2021-10-15T21:08:27Z,9,19
1710,Marthena Pleuman,2022-07-03T10:23:28Z,8,109
1711,Georgetta Sainthill,2021-04-20T18:45:00Z,12,111
1712,Jaquelin Faust,2022-10-31T09:39:08Z,2,61
1713,Rik Murphy,2022-03-23T10:04:21Z,10,41
1714,Englebert Dowles,2022-02-12T12:37:06Z,8,51
1715,Margaretta Echallie,2022-09-27T22:44:00Z,11,164
1716,Nertie Flecknoe,2022-06-23T15:05:17Z,10,29
1717,Kimball Adrienne,2021-02-10T21:02:37Z,10,3
1718,Dalia Vasyunkin,2022-08-23T09:21:45Z,9,153
1719,Elmer Freed,,10,128
1720,Kirbee Bredes,2022-07-30T18:26:04Z,12,117
1721,Antonin Breadon,2021-05-28T21:02:26Z,7,35
1722,Violetta Johann,2022-12-28T20:59:22Z,,92
1723,Mariann Lindsell,2021-05-25T19:25:56Z,11,50
1724,Aldis Duffy,2022-03-09T06:21:42Z,3,157
1725,Abby Lanham,2022-02-16T02:18:29Z,8,114
1726,Caesar Newdick,2021-11-07T21:19:34Z,4,137
1727,Raf Wathall,2022-10-16T17:51:16Z,8,179
1728,Dorie Cohani,2021-01-11T06:32:57Z,10,13
1729,Vachel McCurley,2022-01-03T19:32:22Z,4,177
1730,Leonanie Cowp,2021-10-19T18:12:13Z,7,157
1731,Nanon Gasticke,2021-05-20T17:32:58Z,1,
1732,Rickard Buey,2022-01-23T13:43:10Z,4,66
1733,Lucho Ballintime,2022-07-31T15:17:27Z,6,155
1734,,,8,60
1735,Alix Udell,2022-10-14T19:29:54Z,2,120
1736,Stevena Boggers,2022-06-04T02:05:13Z,9,114
1737,Lorilee O'Rudden,2021-07-27T05:54:32Z,6,144
1738,Tracie Dumingo,2021-05-23T18:32:34Z,9,9
1739,Rice Hounsom,2022-10-16T14:13:45Z,10,70
1740,Petunia Wissbey,2021-05-20T16:39:41Z,7,120
1741,Tina Schall,2021-01-30T13:40:44Z,10,149
1742,Jonah Oattes,2022-05-21T11:10:48Z,1,25
1743,Antonella McMeanma,2021-06-01T18:51:05Z,7,79
1744,Zaneta Waddilove,2021-03-13T14:57:11Z,7,79
1745,Beatrice Killoran,2021-05-30T19:20:30Z,3,25
1746,Thaddeus Pavic,2022-07-02T01:20:09Z,10,43
1747,Alla Bellwood,2021-10-16T05:52:25Z,5,167
1748,Trace Rishworth,2022-11-30T03:36:56Z,7,63
1749,Gunar Camplen,2021-08-29T14:36:54Z,7,124
1750,Fletcher Haggart,2022-12-22T01:17:32Z,10,160
1751,Michael Paroni,2022-03-02T09:28:11Z,3,145
1752,Sheffie Hamfleet,2022-01-05T20:40:34Z,2,61
1753,Yolanda Jerson,2022-10-03T17:12:56Z,10,106
1754,Major Durran,2021-03-05T15:09:15Z,3,178
1755,Vinnie Josum,2022-10-25T22:43:18Z,9,128
1756,Alaine St Pierre,2022-05-01T09:48:30Z,4,3
1757,Mendie Goane,2022-11-10T13:37:17Z,5,179
1758,Pauly Ivanilov,2022-03-10T09:13:49Z,10,19
1759,Dal Kehoe,2022-11-12T00:28:11Z,4,114
1760,Jerry Yearne,2022-08-22T22:25:36Z,12,
1761,Darlleen Greenly,2021-12-11T05:39:11Z,9,67
1762,Curran Barnicott,2022-06-22T12:44:55Z,9,77
1763,Ryon Parsall,2022-03-28T05:55:01Z,12,177
1764,Rasia Wratten,2022-02-02T23:15:54Z,3,60
1765,Andonis Irvin,2021-12-02T21:08:22Z,2,35
1766,Natal Croy,2021-04-04T00:43:22Z,,66
1767,Jerrylee Calvey,2021-07-26T03:09:38Z,9,160
1768,Tomi Dooley,2021-01-17T20:13:16Z,9,49
1769,Cathi Cann,2022-07-04T05:45:46Z,11,147
1770,Farah Treby,2022-05-13T11:37:42Z,1,155
1771,Marylou Christley,2021-11-16T04:11:11Z,4,3
1772,Babbie Dumphry,2022-08-05T07:20:57Z,7,110
1773,Padraic Deeprose,2022-02-17T00:49:04Z,12,71
1774,Heloise Laviste,2021-05-10T08:27:28Z,1,57
1775,Kristoforo Fenning,2021-11-11T23:47:56Z,2,57
1776,Ozzy Tolson,2021-06-16T01:27:34Z,3,68
1777,Wynny Stennett,2022-07-03T19:02:24Z,8,59
1778,Claudine Cloy,2021-12-08T18:28:10Z,1,132
1779,Lida Waldocke,2021-01-10T04:47:10Z,5,94
1780,Michelina Kerton,2021-07-13T03:52:56Z,4,162
1781,Griffie Leipelt,2022-12-22T16:02:15Z,1,20
1782,Fiann Gridley,2022-10-08T09:19:47Z,12,23
1783,Carly Keenleyside,2022-11-11T04:49:20Z,4,132
1784,Odo Grosvener,2021-11-12T03:16:31Z,6,23
1785,Chevalier Hourigan,2021-05-04T02:08:37Z,2,60
1786,Cullen Konmann,2022-02-17T15:32:42Z,3,153
1787,Ezmeralda Yea,2022-12-27T22:11:22Z,1,120
1788,Maxy Greeveson,2022-03-26T04:10:53Z,,146
1789,Kare Cownden,2021-11-30T13:31:55Z,8,119
1790,Raimondo Hutton,2022-09-02T17:34:00Z,2,133
1791,Cecile Kattenhorn,2022-03-05T13:10:08Z,6,92
1792,Bradly Brimacombe,2021-07-28T02:51:28Z,1,107
1793,Meryl Glading,2022-04-06T10:11:56Z,10,96
1794,Ax Lafuente,2021-12-17T07:52:07Z,9,159
1795,,2022-12-20T20:38:59Z,3,9
1796,Engracia Adnams,2021-02-15T05:00:00Z,8,22
1797,Aile Massie,2021-03-30T20:49:55Z,2,4
1798,Ragnar Swedeland,2022-06-09T06:14:08Z,10,76
1799,Waring Tuppeny,2021-05-15T08:19:28Z,7,147
1800,Stepha Feltoe,2021-09-21T15:26:23Z,4,86
1801,Peg Gravell,2022-12-13T02:01:48Z,3,64
1802,Earl Darridon,2021-05-15T12:41:28Z,12,44
1803,Britte Mannion,2022-03-18T20:51:20Z,8,129
1804,Markus Mintoft,2021-11-21T00:42:53Z,4,66
1805,Adina Wickmann,2021-03-18T07:43:53Z,10,144
1806,Annis Stronge,2022-01-26T07:57:38Z,1,54
1807,Lindsay Grady,2022-03-14T03:05:42Z,7,134
1808,Glen Haselgrove,2021-06-26T10:38:36Z,3,15
1809,Bambie Hopkyns,2021-07-10T00:42:29Z,3,165
1810,Nariko Shrimpling,2022-07-26T21:16:51Z,9,123
1811,,2021-07-22T22:15:42Z,6,95
1812,Kati Antrack,2022-08-15T07:19:37Z,8,168
1813,Hewet Mollnar,2021-04-10T06:45:05Z,8,38
1814,Susi Hayer,2021-01-25T07:27:15Z,9,149
1815,Zandra Sall,2021-09-11T15:49:52Z,3,79
1816,Gerti Worham,2022-03-12T15:59:05Z,12,35
1817,Jen Perin,2021-07-11T02:20:19Z,5,99
1818,Brana Rushton,2022-09-03T00:38:51Z,5,144
1819,Devland Mollindinia,2022-06-30T00:30:47Z,11,113
1820,Torrin Atlay,2022-07-05T15:13:39Z,7,96
1821,Janela Avrahamov,2021-08-21T17:35:02Z,9,40
1822,Tatum Botterell,2022-09-29T23:48:13Z,5,63
1823,Merv Retchford,2022-04-15T15:02:10Z,8,99
1824,Malissa Degli Abbati,2021-10-07T19:52:09Z,5,153
1825,Ole Stannering,2021-10-28T13:37:13Z,10,58
1826,Kalina Lathan,2022-01-23T06:46:15Z,5,73
1827,Pavia Nealand,2022-10-06T18:47:43Z,9,77
1828,Darcie Salazar,2022-02-17T05:07:35Z,3,127
1829,Chauncey Bredes,2021-07-19T12:14:59Z,1,29
1830,Roxy Letchmore,2022-11-16T19:06:48Z,11,59
1831,Liva Oles,2021-07-12T07:44:22Z,9,36
1832,Esra Kubiak,2022-01-01T06:11:26Z,11,183
1833,Gladi Warrell,2022-01-21T08:25:10Z,4,126
1834,Jorrie Scaice,2022-05-28T22:06:59Z,5,32
1835,Carrie Pawley,2022-10-18T02:03:55Z,9,172
1836,Geri Yegorshin,2022-03-12T11:19:52Z,6,62
1837,Nerti Gingles,2022-08-06T19:04:02Z,4,25
1838,Binny Tanman,2022-09-11T22:07:40Z,6,52
1839,Renata Barraclough,2021-07-21T17:11:36Z,1,5
1840,Donetta Orridge,2022-06-04T02:51:30Z,6,15
1841,Isidor Rittmeier,2022-10-23T06:13:31Z,11,134
1842,Papageno Coper,2021-12-11T04:05:12Z,2,183
1843,Christy Drinkeld,2022-05-26T23:26:20Z,3,81
1844,Lodovico Trevallion,2021-07-27T06:31:35Z,3,72
1845,Archy Cargen,2022-04-20T10:46:41Z,,74
1846,Eddy Derry,2021-06-09T18:23:33Z,9,16
1847,Fredelia Strowlger,2022-02-17T12:45:33Z,3,145
1848,Amelia Wigan,2021-05-21T07:30:55Z,2,53
1849,Lindy Barabich,2022-12-12T19:15:54Z,9,144
1850,Rosemonde Slyde,2022-07-13T19:32:16Z,8,79
1851,Dallon Laidlaw,2022-10-15T04:52:03Z,8,42
1852,Eduino Muriel,2021-01-08T22:42:46Z,4,96
1853,Adria Prangle,2022-09-23T17:22:20Z,8,62
1854,Dorise Renton,2022-08-23T05:17:18Z,,44
1855,Birk Barchrameev,2021-02-26T23:22:58Z,7,83
1856,Karylin Birchner,2021-12-21T22:26:07Z,1,80
1857,Johann Barnhart,2022-09-12T04:31:56Z,2,5
1858,Olympie Guisot,2022-09-11T20:31:56Z,2,155
1859,,2021-03-08T00:48:26Z,9,15
1860,Nikolia Ridges,2022-04-21T00:56:11Z,5,89
1861,Jonah Ramirez,2022-05-27T20:14:49Z,6,136
1862,Kristin Edwick,2022-09-04T02:05:59Z,11,66
1863,Jerrine Bromont,2021-11-11T07:11:14Z,7,20
1864,Tonya Tattershall,2022-03-19T16:50:28Z,4,134
1865,Normand Beeble,2022-08-12T22:18:08Z,7,27
1866,Aldridge Alejandro,2021-06-27T11:18:36Z,5,81
1867,Elladine Thornewill,2021-06-05T04:14:42Z,6,120
1868,Terese Chevins,2021-10-02T09:57:33Z,11,72
1869,Aleksandr Stollsteimer,2021-01-03T04:45:46Z,6,55
1870,Marthena Sazio,2021-03-06T09:29:48Z,11,115
1871,Aristotle Potkins,2022-02-15T15:39:41Z,4,141
1872,Elane Woolliams,2022-11-17T07:29:18Z,6,64
1873,,2022-05-17T12:27:05Z,,106
1874,Kaila Dymott,2022-04-30T22:49:05Z,3,159
1875,Hendrika McQuorkell,2022-09-06T08:38:57Z,5,45
1876,Demetre Standbrooke,2021-03-25T17:37:18Z,9,163
1877,Colleen Boddice,2021-07-10T12:59:47Z,1,43
1878,Lynnell Abramovicz,2022-10-26T18:48:15Z,2,34
1879,Faina Kilkenny,2022-12-04T18:39:26Z,12,154
1880,Georgia Pallent,2022-11-12T06:27:16Z,4,1
1881,Kristi Stobbs,2021-04-17T18:31:01Z,4,18
1882,Andrey Malitrott,2022-08-30T11:51:11Z,8,136
1883,Elsey Puckey,2021-11-29T23:43:04Z,8,144
1884,Prentiss Labbett,2022-12-19T10:17:52Z,9,100
1885,Trixie Raund,2022-10-12T00:25:24Z,9,70
1886,Lonnie Runcieman,2022-03-18T11:22:53Z,5,171
1887,Anneliese Alessandrini,2022-11-04T07:09:05Z,2,40
1888,Daphne Coie,2022-07-05T04:09:41Z,6,76
1889,Gustavus Woodburne,2021-10-23T01:47:12Z,6,67
1890,Ingemar Gilbey,2021-06-24T18:57:51Z,1,155
1891,Eward Maudling,2022-05-09T04:10:07Z,2,181
1892,Aubree Winterborne,2021-09-04T22:45:10Z,12,84
1893,Aeriela Sells,2022-12-07T17:36:16Z,,182
1894,Tandie St Quenin,2022-06-24T17:41:14Z,9,43
1895,Ian Gobat,2021-06-18T01:56:26Z,1,86
1896,Marie-ann Nesby,2022-02-01T01:47:01Z,6,106
1897,Whitaker Gladwish,2022-07-22T19:22:17Z,1,29
1898,Mitchael Dike,2022-07-19T18:55:53Z,12,13
1899,Jonis Goddard,2022-09-14T20:27:33Z,9,49
1900,Ursulina Gowar,2022-04-04T18:52:58Z,10,90
1901,Arri Taber,2021-01-08T14:39:21Z,6,141
1902,Kiley Collibear,2021-08-23T21:25:37Z,7,29
1903,Minda Stapley,2022-11-01T14:00:32Z,3,27
1904,Monique Frostdick,2021-06-05T20:33:07Z,1,181
1905,Jaclyn Keith,2022-12-14T13:06:39Z,4,167
1906,Maryl Andreuzzi,2022-07-26T19:08:09Z,3,111
1907,Fredi Odhams,2022-09-23T10:50:19Z,6,96
1908,Vick Awmack,2021-11-05T12:43:54Z,1,30
1909,Shep Rosengarten,2021-06-07T20:00:35Z,12,88
1910,Gavan MacDonogh,2021-09-08T18:26:28Z,2,87
1911,Uriel Klimschak,2022-09-08T23:53:28Z,4,173
1912,Pinchas Lemasney,2022-06-26T05:14:17Z,10,164
1913,Marjie Bowery,2021-04-27T16:16:55Z,7,173
1914,,2022-04-22T05:08:49Z,5,144
1915,Hendrik Timothy,,12,18
1916,Heda McCoy,2022-06-02T13:39:55Z,2,52
1917,Derick Kuhnel,2022-05-21T21:28:18Z,2,85
1918,Ede Cruickshanks,2021-02-07T22:25:13Z,7,5
1919,Norton Nealon,2022-11-13T01:59:21Z,3,109
1920,Nikolai Hands,2021-11-05T08:29:02Z,9,123
1921,Sheree Astles,2021-01-08T17:57:52Z,4,45
1922,Gretel Stidworthy,2021-07-06T05:37:16Z,10,48
1923,Constantina Broxis,2021-09-29T04:07:19Z,10,134
1924,Naomi Quakley,2022-08-11T20:12:30Z,5,96
1925,Marris Plewes,2021-01-24T14:37:53Z,1,73
1926,Roz Lamperti,2021-10-13T01:06:11Z,11,145
1927,Wain Wyche,2022-06-17T15:53:36Z,6,119
1928,Ulrikaumeko Delaney,2021-01-25T07:03:17Z,2,183
1929,Wilfred Corragan,2022-08-06T02:38:05Z,6,10
1930,Rudolfo McGlashan,2022-12-09T07:22:08Z,,114
1931,Chrissy Jachtym,2021-05-15T00:08:18Z,7,117
1932,Aleksandr Reen,2021-08-13T11:27:23Z,4,124
1933,Neely Whitcher,2021-09-17T02:24:03Z,6,44
1934,Kandy Hylton,2021-07-18T19:31:51Z,12,172
1935,Evelina Duferie,2021-05-26T18:07:19Z,1,60
1936,Nicol Bernardo,,5,118
1937,Willamina Pyott,2021-06-16T12:20:26Z,6,43
1938,Archibold Odde,2022-06-23T21:53:23Z,8,31
1939,,2022-08-27T16:30:51Z,6,54
1940,Wyndham Dunmore,2021-05-28T17:00:16Z,11,67
1941,Vachel Wilce,2022-03-16T20:46:20Z,5,75
1942,Tracee McLean,2022-06-20T23:59:52Z,10,46
1943,Leese Allabush,2022-09-21T21:19:43Z,3,161
1944,Netta Cuchey,2021-04-28T08:59:00Z,7,128
1945,Corrina Camies,2022-11-19T14:00:27Z,3,179
1946,Lovell Bromwich,2021-11-03T04:36:10Z,4,123
1947,Giulia Earey,2021-03-03T18:26:41Z,11,19
1948,Willi Vasyunkin,2021-11-14T15:30:32Z,6,134
1949,Darn Woolfenden,2021-07-14T19:47:19Z,9,103
1950,Belva Grigoli,2022-12-27T10:46:58Z,8,39
1951,Finley Plowright,2022-09-11T20:49:10Z,6,96
1952,Lindsay Wordsworth,2021-02-24T03:29:19Z,12,118
1953,Teri Dutnell,2021-10-13T04:44:59Z,11,31
1954,Nichols Sincock,2022-11-02T23:15:22Z,9,172
1955,Nathaniel McGirl,2022-11-28T09:18:16Z,7,164
1956,Rosana Willbond,2021-06-29T12:42:27Z,3,33
1957,Norton Keneleyside,2021-11-26T05:41:45Z,8,13
1958,Jonas Jentgens,2021-01-11T16:41:11Z,11,107
1959,Andrus Drabble,2021-06-27T12:11:01Z,5,84
1960,Ashton Durning,2022-04-21T07:20:24Z,5,129
1961,Marji Males,2022-08-31T01:08:14Z,8,39
1962,Jourdain Dicte,2021-11-15T08:49:47Z,1,148
1963,Winfred Freckingham,2022-03-30T17:08:55Z,5,66
1964,Ariela Cowl,2021-06-18T04:57:14Z,,
1965,Sherm Mingay,2022-11-17T01:19:16Z,3,121
1966,Kris Blair,2021-09-01T04:50:11Z,11,120
1967,Merilee McIlhatton,2022-05-27T09:14:56Z,6,167
1968,Benn Ladewig,2022-02-19T11:30:41Z,10,176
1969,Daniel Mimmack,2022-04-19T11:46:39Z,6,119
1970,Gerrard Rowes,2022-01-23T23:43:15Z,8,110
1971,Ermengarde Esterbrook,,6,156
1972,Kalina Casini,2022-11-16T15:48:04Z,8,124
1973,Rafaela Heyburn,2022-03-30T03:12:55Z,2,25
1974,Leilah Semeradova,2022-08-15T10:55:29Z,6,63
1975,Mariette Michal,,1,89
1976,Babb Inchbald,2022-06-12T06:14:40Z,8,43
1977,Jeni Charkham,2021-11-01T11:51:46Z,7,62
1978,Verne Yexley,2021-03-06T22:15:07Z,12,149
1979,Nolana Bonnett,2021-04-16T02:33:23Z,8,45
1980,Josie Sonner,2022-02-01T19:42:08Z,3,62
1981,Lavinie Skilton,2022-03-25T07:23:36Z,5,41
1982,Pauly Huegett,2022-11-14T21:20:39Z,9,
1983,Purcell Yerill,2021-04-09T18:51:54Z,9,71
1984,Benedick Camfield,2021-12-12T08:53:57Z,7,89
1985,Lidia Fulun,2021-06-09T04:22:49Z,9,119
1986,Sonia Keddle,2021-02-09T05:10:39Z,4,95
1987,Gasper Arminger,2021-01-08T05:13:31Z,8,15
1988,Amalita Dziwisz,2022-10-28T12:44:29Z,4,135
1989,Nickolas Rothwell,2021-09-19T08:29:19Z,4,138
1990,Hurlee Digance,2022-06-01T23:20:04Z,7,24
1991,Shelby Hearnes,2021-04-18T06:35:15Z,5,179
1992,Ariel Penwell,2021-05-15T10:45:28Z,6,109
1993,Bonnee Anthiftle,2021-06-25T02:31:11Z,10,75
1994,Jase Dyche,2021-02-11T03:16:31Z,6,60
1995,Fritz Morbey,2022-05-15T00:27:14Z,11,97
1996,Geordie Robertsson,2022-10-03T20:15:43Z,5,155
1997,Roanna Shervington,2021-05-24T12:23:59Z,11,151
1998,Aliza Dimsdale,2022-02-16T21:24:40Z,2,65
1999,Teddie Smail,2021-10-06T04:17:47Z,10,63
